    Blocking waiting for file lock on build directory
warning: unused import: `SubsecRound`
  --> crates/compliance/src/gdpr_automation.rs:17:42
   |
17 | use chrono::{DateTime, Duration, Months, SubsecRound, TimeDelta, Utc};
   |                                          ^^^^^^^^^^^
   |
   = note: `#[warn(unused_imports)]` (part of `#[warn(unused)]`) on by default

warning: `compliance` (lib) generated 1 warning
warning: multiple lines skipped by escaped newline
    --> crates/ui-foundation/src/leptos_views.rs:3076:7
     |
3076 |   </div>\
     |  _______^
3077 | |
3078 | | <button type=\"submit\" class=\"w-full bg-primary hover:bg-brand-700 text-white text-sm font-semibold flex items-center justify-...
     | |_^ skipping everything up to and including this point

warning: multiple lines skipped by escaped newline
    --> crates/ui-foundation/src/leptos_views.rs:3106:7
     |
3106 |   </div>\
     |  _______^
3107 | |
3108 | | <button type=\"submit\" class=\"w-full bg-primary hover:bg-brand-700 text-white text-sm font-semibold flex items-center justify-...
     | |_^ skipping everything up to and including this point

warning: multiple lines skipped by escaped newline
    --> crates/ui-foundation/src/leptos_views.rs:3182:7
     |
3182 |   </div>\
     |  _______^
3183 | |
3184 | | <button type=\"submit\" class=\"w-full bg-primary hover:bg-brand-700 text-white text-sm font-semibold flex items-center justify-...
     | |_^ skipping everything up to and including this point

warning: multiple lines skipped by escaped newline
    --> crates/ui-foundation/src/leptos_views.rs:6383:26
     |
6383 |   <div class=\"space-y-8\">\
     |  __________________________^
6384 | |
6385 | | <div class=\"rounded-sm border p-6\"><h3 class=\"text-lg font-bold\">GDPR Workflows</h3><p class=\"text-sm text-surface-500 mt-2...
     | |_^ skipping everything up to and including this point

warning: multiple lines skipped by escaped newline
    --> crates/ui-foundation/src/leptos_views.rs:6438:150
     |
6438 |   <tr class=\"border-b\"><td class=\"p-4\">Dedicated IPs</td><td class=\"p-4 text-center\">Included</td><td class=\"p-4 text-center\">Limited</td></tr>\
     |  ______________________________________________________________________________________________________________________________________________________^
6439 | |
6440 | | <tr class=\"border-b\"><td class=\"p-4\">Private Cloud</td><td class=\"p-4 text-center\">Available</td><td class=\"p-4 text-center\">Not standard</td></tr>\
     | |_^ skipping everything up to and including this point

warning: multiple lines skipped by escaped newline
    --> crates/ui-foundation/src/leptos_views.rs:6610:7
     |
6610 |   </div>\
     |  _______^
6611 | |
6612 | | <button type=\"submit\" class=\"w-full bg-primary hover:bg-brand-700 text-white text-sm font-semibold flex items-center justify-...
     | |_^ skipping everything up to and including this point

warning: multiple lines skipped by escaped newline
    --> crates/ui-foundation/src/leptos_views.rs:6740:7
     |
6740 |   </div>\
     |  _______^
6741 | |
6742 | | <button type=\"submit\" class=\"w-full bg-primary hover:bg-brand-700 text-white text-sm font-semibold flex items-center justify-...
     | |_^ skipping everything up to and including this point

warning: `ui-foundation` (lib) generated 7 warnings
warning: linker stderr: ld: __eh_frame section too large (max 16MB) to encode dwarf unwind offsets in compact unwind table, performance of exception handling might be affected
  |
  = note: `#[warn(linker_messages)]` on by default

warning: `api-server` (lib test) generated 1 warning
    Finished `test` profile [unoptimized + debuginfo] target(s) in 7.18s
────────────
 Nextest run ID e5294138-c287-417d-96c2-f3e7a8e3e9dd with nextest profile: default
    Starting 2083 tests across 4 binaries
        PASS [   0.010s] (   1/2083) api-server analytics_metrics::tests::inferred_provider_note_is_explicit_about_provenance
        PASS [   0.010s] (   2/2083) api-server analytics_metrics::tests::cohort_sql_is_send_cohort_with_bool_or_outcomes
        PASS [   0.010s] (   3/2083) api-server analytics_metrics::tests::cohort_time_series_buckets_by_sent_at_not_event_day
        PASS [   0.011s] (   4/2083) api-server analytics_metrics::tests::assembled_breakdown_flags_mixed_provenance
        PASS [   0.011s] (   5/2083) api-server analytics_metrics::tests::consumer_fallback_classifies_only_well_known_domains
        PASS [   0.012s] (   6/2083) api-server analytics_metrics::tests::canonical_columns_are_event_type_and_timestamp
        PASS [   0.010s] (   7/2083) api-server analytics_metrics::tests::interval_duration_parses_the_code_owned_units
        PASS [   0.012s] (   8/2083) api-server analytics_metrics::tests::metric_state_serializes_reason_instead_of_a_value
        PASS [   0.010s] (   9/2083) api-server analytics_metrics::tests::rates_from_cohort_counts_cannot_exceed_one
        PASS [   0.009s] (  10/2083) api-server analytics_metrics::tests::zero_send_population_yields_none_rate_not_zero
        PASS [   0.009s] (  11/2083) api-server app::adversarial_helper_tests::auth_page_error_messages_are_operator_safe
        PASS [   0.009s] (  12/2083) api-server app::adversarial_helper_tests::backpressure_errors_map_to_structured_503_responses
        PASS [   0.235s] (  13/2083) api-server app::adversarial_helper_tests::branded_404_differs_by_surface_but_never_leaks_json
        PASS [   0.424s] (  14/2083) api-server routes::explorer::adversarial_tests::add_domain_lane_only_accepts_example_com_subdomains
        PASS [   0.233s] (  15/2083) api-server app::adversarial_helper_tests::cors_explicit_origins_enable_credentials_and_reject_unknown_origin
        PASS [   0.011s] (  16/2083) api-server app::adversarial_helper_tests::cp_alert_rules_page_applies_the_verified_role
        PASS [   0.219s] (  17/2083) api-server app::adversarial_helper_tests::disabled_grader_and_placement_handlers_refuse_honestly
        PASS [   0.334s] (  18/2083) api-server routes::explorer::adversarial_tests::calculate_renders_clamped_inputs_and_support_line
        PASS [   0.898s] (  19/2083) api-server analytics_metrics::tests::cohort_boundaries_repeats_and_hostile_recipients
        PASS [   0.010s] (  20/2083) api-server app::adversarial_helper_tests::render_cookies_are_appended_per_consumed_cookie
        PASS [   0.010s] (  21/2083) api-server app::adversarial_helper_tests::route_auth_manifest_and_cp_public_paths_are_exact
        PASS [   0.235s] (  22/2083) api-server app::adversarial_helper_tests::fallback_serves_icon_and_image_requests_without_json_errors
        PASS [   0.220s] (  23/2083) api-server app::adversarial_helper_tests::synchronous_render_refuses_non_get_methods_and_api_paths
        PASS [   0.396s] (  24/2083) api-server routes::explorer::adversarial_tests::concurrent_first_requests_converge_on_a_live_sandbox_key
        PASS [   0.238s] (  25/2083) api-server app::adversarial_helper_tests::verify_email_page_passes_forwarded_outcome_through_the_url
        PASS [   1.536s] (  26/2083) api-server analytics_metrics::tests::cohort_query_failure_is_an_error_not_zero_counts
        PASS [   1.538s] (  27/2083) api-server analytics_metrics::tests::previous_period_is_frozen_at_its_own_end
        PASS [   1.558s] (  28/2083) api-server analytics_metrics::tests::provider_breakdown_falls_back_to_labelled_consumer_inference
        PASS [   0.540s] (  29/2083) api-server app::adversarial_tests::admin_route_admits_system_tenant_machine_key
        PASS [   0.530s] (  30/2083) api-server routes::explorer::adversarial_tests::concurrent_provisions_leave_exactly_one_live_key_with_a_matching_plaintext
        PASS [   0.011s] (  31/2083) api-server routes::explorer::adversarial_tests::emergency_limiter_bounds_a_bucket_and_never_leaks_across_ips
        PASS [   0.029s] (  32/2083) api-server routes::explorer::adversarial_tests::emergency_limiter_prunes_stale_buckets_when_it_grows_large
        PASS [   0.010s] (  33/2083) api-server routes::explorer::adversarial_tests::example_com_domain_matcher_is_host_boundary_aware
        PASS [   0.511s] (  34/2083) api-server app::adversarial_tests::admin_route_rejects_customer_wildcard_key_with_403
        PASS [   0.444s] (  35/2083) api-server app::adversarial_tests::api_key_missing_the_route_scope_is_403
        PASS [   0.438s] (  36/2083) api-server app::adversarial_tests::cors_preflight_mirrors_wildcard_origin_without_credentials
        PASS [   2.035s] (  37/2083) api-server analytics_metrics::tests::multi_open_on_one_recipient_send_counts_once
        PASS [   0.500s] (  38/2083) api-server app::adversarial_tests::csv_import_content_types_pass_the_gate
        PASS [   0.010s] (  39/2083) api-server app::adversarial_tests::static_asset_cache_control_is_tiered_by_immutability
        PASS [   0.471s] (  40/2083) api-server app::adversarial_tests::icon_requests_are_204_and_unknown_browser_pages_are_branded_html_404
        PASS [   0.560s] (  41/2083) api-server routes::explorer::adversarial_tests::exec_buckets_unknown_peers_and_enforces_the_ceiling_on_them
        PASS [   0.011s] (  42/2083) api-server routes::explorer::adversarial_tests::fake_redis_stub_degrades_malformed_and_truncated_resp_to_errors
        PASS [   0.632s] (  43/2083) api-server app::adversarial_tests::malformed_and_expired_api_keys_are_401_without_data
        PASS [   0.427s] (  44/2083) api-server app::adversarial_tests::matched_protected_route_without_credentials_is_401_and_leaks_nothing
        PASS [   0.500s] (  45/2083) api-server app::adversarial_tests::oversized_declared_body_is_rejected_before_any_handler
        PASS [   0.522s] (  46/2083) api-server app::adversarial_tests::security_headers_cover_public_json_routes
        PASS [   0.569s] (  47/2083) api-server app::adversarial_tests::unknown_api_routes_are_404_before_any_auth_check
        PASS [   0.574s] (  48/2083) api-server app::adversarial_tests::unsupported_accept_version_is_406
        PASS [   0.239s] (  49/2083) api-server app::tests::admin_routes_run_through_require_auth_not_the_gate
        PASS [   0.012s] (  50/2083) api-server app::tests::api_prefixed_paths_never_render_ui_fallback
        PASS [   0.011s] (  51/2083) api-server app::tests::auth_csp_gates_scripts_on_the_exact_per_response_nonce
        PASS [   0.238s] (  52/2083) api-server app::tests::anonymous_dynamic_console_pages_redirect_to_login
        PASS [   0.237s] (  53/2083) api-server app::tests::api_json_routes_keep_the_default_locked_down_csp
        PASS [   0.517s] (  54/2083) api-server app::adversarial_tests::unsupported_content_type_is_415_before_auth
        PASS [   0.012s] (  55/2083) api-server app::tests::browser_csp_accepts_configured_https_analytics_image_source
        PASS [   0.012s] (  56/2083) api-server app::tests::browser_csp_allows_inline_style_attributes
        PASS [   0.012s] (  57/2083) api-server app::tests::browser_csp_has_no_external_kiwi_sources
        PASS [   0.011s] (  58/2083) api-server app::tests::browser_csp_rejects_non_https_analytics_image_source
        PASS [   0.013s] (  59/2083) api-server app::tests::browser_render_mints_the_double_submit_csrf_pair
        PASS [   0.239s] (  60/2083) api-server app::tests::auth_session_and_csrf_aliases_return_expected_public_contracts
        PASS [   0.242s] (  61/2083) api-server app::tests::auth_public_routes_validate_inputs_and_render_browser_verify_page
        PASS [   0.634s] (  62/2083) api-server app::adversarial_tests::x_tenant_id_header_from_another_tenant_is_403
        PASS [   0.238s] (  63/2083) api-server app::tests::branded_html_404_for_unknown_browser_routes
        PASS [   0.240s] (  64/2083) api-server app::tests::consent_endpoint_records_choice_and_redirects_safely
        PASS [   0.238s] (  65/2083) api-server app::tests::console_js_asset_is_gone_and_csp_is_script_src_none
        PASS [   0.240s] (  66/2083) api-server app::tests::cookie_backed_auth_flows_require_csrf_on_unsafe_requests
        PASS [   3.449s] (  67/2083) api-server analytics_metrics::tests::time_series_buckets_outcomes_on_the_send_day
        PASS [   3.484s] (  68/2083) api-server analytics_metrics::tests::provider_breakdown_prefers_mx_resolved_and_labels_inferred
        PASS [   2.466s] (  69/2083) api-server routes::explorer::adversarial_tests::grader_check_renders_the_scored_report_page
        PASS [   0.709s] (  70/2083) api-server routes::explorer::adversarial_tests::grader_engine_refusal_maps_to_the_explorer_error_page
        PASS [   0.448s] (  71/2083) api-server routes::explorer::adversarial_tests::grader_is_explicitly_disabled_without_state_and_validates_input
        PASS [   0.377s] (  72/2083) api-server routes::explorer::adversarial_tests::grader_rate_limit_returns_429_page_for_the_bucket
        PASS [   0.366s] (  73/2083) api-server routes::explorer::adversarial_tests::grader_without_connect_info_still_validates_input
        PASS [   0.368s] (  74/2083) api-server routes::explorer::adversarial_tests::malformed_json_on_json_lanes_is_400_without_internal_detail
        PASS [   3.970s] (  75/2083) api-server app::tests::cp_alert_rules_rejects_non_operator_sessions
        PASS [   0.369s] (  76/2083) api-server routes::explorer::adversarial_tests::non_json_upstream_responses_render_raw
        PASS [   4.178s] (  77/2083) api-server app::tests::cp_browser_get_denies_live_demotion_and_mfa_removal
        PASS [   0.360s] (  78/2083) api-server routes::explorer::adversarial_tests::oversized_textarea_is_413_before_any_provisioning
        PASS [   4.753s] (  79/2083) api-server app::tests::cp_alert_rules_empty_state_is_honest
        PASS [   4.410s] (  80/2083) api-server app::tests::cp_browser_get_refreshes_cookie_and_propagates_role
        PASS [   5.687s] (  81/2083) api-server app::tests::cp_alert_rules_form_creates_persists_and_audits
        PASS [   6.488s] (  82/2083) api-server app::tests::console_renders_the_real_plan_and_the_impersonation_banner
        PASS [   0.012s] (  83/2083) api-server app::tests::dynamic_ui_routes_match_auth_manifest_patterns
        PASS [   0.238s] (  84/2083) api-server app::tests::enforced_captcha_auth_pages_carry_the_widget_under_nonce_csp
        PASS [   0.012s] (  85/2083) api-server app::tests::inbox_placement_and_cp_routes_require_auth_by_default
        PASS [   0.011s] (  86/2083) api-server app::tests::kiwi_widget_injection_places_the_token_input_inside_the_form
        PASS [   0.010s] (  87/2083) api-server app::tests::kiwi_widget_render_decision_is_path_and_surface_scoped
        PASS [   0.251s] (  88/2083) api-server app::tests::legacy_legal_paths_redirect_permanently
        PASS [   6.818s] (  89/2083) api-server app::tests::cp_alert_rules_route_renders_the_real_management_surface
        PASS [   0.239s] (  90/2083) api-server app::tests::logout_and_post_only_auth_aliases_remain_wired
        PASS [   0.222s] (  91/2083) api-server app::tests::malformed_form_posts_get_friendly_redirects_not_plain_400
        PASS [   2.738s] (  92/2083) api-server routes::explorer::adversarial_tests::provision_inserts_a_missing_domain_and_rotates_a_live_key
        PASS [   7.555s] (  93/2083) api-server app::tests::cp_access_attempts_are_audited
        PASS [   0.241s] (  94/2083) api-server app::tests::marketing_fallback_pages_receive_nonce_backed_browser_csp
        PASS [   0.437s] (  95/2083) api-server routes::explorer::adversarial_tests::read_lanes_dispatch_real_get_requests
        PASS [   0.240s] (  96/2083) api-server app::tests::marketing_not_found_renders_the_marketing_shell_404
        PASS [   0.360s] (  97/2083) api-server routes::explorer::adversarial_tests::redis_increment_failure_degrades_to_the_emergency_limiter
        PASS [   0.252s] (  98/2083) api-server app::tests::marketing_page_hides_banner_when_consent_cookie_present
        PASS [   0.241s] (  99/2083) api-server app::tests::marketing_static_assets_are_cacheable_but_pages_are_not
        PASS [   0.376s] ( 100/2083) api-server routes::explorer::adversarial_tests::redis_rate_limit_fails_closed_at_the_bucket_and_the_emergency_limiter_takes_over
        PASS [   3.931s] ( 101/2083) api-server app::tests::cp_gate_blocks_non_mfa_operator_sessions_from_admin_routes
        PASS [   0.014s] ( 102/2083) api-server app::tests::no_script_nonce_machinery_remains
        PASS [   0.014s] ( 103/2083) api-server app::tests::overload_protection_rejects_excess_inflight_requests
        PASS [   0.012s] ( 104/2083) api-server app::tests::preview_csp_allows_styles_and_images_but_no_scripts
        PASS [   0.014s] ( 105/2083) api-server app::tests::render_ui_response_preserves_auth_query_state
        PASS [   0.014s] ( 106/2083) api-server app::tests::renders_control_plane_sales_for_localhost
        PASS [   0.013s] ( 107/2083) api-server app::tests::renders_rust_ui_for_known_host_and_route
        PASS [   0.351s] ( 108/2083) api-server app::tests::migrated_ui_route_inventory_renders_for_exposed_surfaces
        PASS [   0.457s] ( 109/2083) api-server routes::explorer::adversarial_tests::sandbox_adopts_the_shared_key_across_processes_without_rotating
        PASS [   0.241s] ( 110/2083) api-server app::tests::reset_password_validates_before_flashing_anything
        PASS [   0.239s] ( 111/2083) api-server app::tests::security_headers_respect_pinned_referrer_policy
        PASS [   2.280s] ( 112/2083) api-server app::tests::marketing_demo_viewer_renders_a_valid_token_and_refuses_an_unknown_one
        PASS [   0.453s] ( 113/2083) api-server routes::explorer::adversarial_tests::sandbox_cache_self_heals_when_a_sibling_re_mints_the_key_row
        PASS [   0.242s] ( 114/2083) api-server app::tests::serves_globals_css_asset
        PASS [   0.012s] ( 115/2083) api-server app::tests::static_asset_cache_control_tiers
        PASS [   1.000s] ( 116/2083) api-server app::tests::reset_password_token_roundtrip_against_db
        PASS [   0.012s] ( 117/2083) api-server app::tests::test_not_found_response
        PASS [   0.011s] ( 118/2083) api-server app::tests::test_null_byte_detection
        PASS [   0.260s] ( 119/2083) api-server app::tests::stripe_webhook_ingest_mounts_when_secret_configured
        PASS [   4.125s] ( 120/2083) api-server app::tests::cp_render_mfa_denial_redirects_to_security_page
        PASS [   0.012s] ( 121/2083) api-server app::tests::unknown_host_without_matching_route_falls_back_to_not_found
        PASS [   0.476s] ( 122/2083) api-server app::tests::ssr_data_layer_renders_seeded_rows_with_filters_and_paging
        PASS [   0.434s] ( 123/2083) api-server routes::explorer::adversarial_tests::sandbox_key_is_cached_per_process_and_capped_at_one_row
        PASS [   0.239s] ( 124/2083) api-server app::tests::test_public_routes_run_through_ddos_protection
        PASS [   6.000s] ( 125/2083) api-server app::tests::cp_browser_get_requires_the_cp_session_cookie
        PASS [   0.241s] ( 126/2083) api-server app::tests::unauthenticated_protected_ui_routes_redirect_to_login
        PASS [   0.013s] ( 127/2083) api-server audit_log::tests::audit_append_sql_never_locks_audit_logs_rows
        PASS [   0.011s] ( 128/2083) api-server audit_log::tests::audit_hash_and_signature_are_deterministic
        PASS [   0.013s] ( 129/2083) api-server audit_log::tests::audit_hash_covers_every_field_and_is_stable_across_the_db_round_trip
        PASS [   0.011s] ( 130/2083) api-server audit_log::tests::audit_signature_fails_closed_in_production_and_binds_the_chain_link
        PASS [   0.270s] ( 131/2083) api-server app::tests::verify_email_page_redirects_off_the_token_url
        PASS [   0.273s] ( 132/2083) api-server app::tests::web_admin_form_routes_reject_customer_sessions
        PASS [   0.015s] ( 133/2083) api-server audit_log::tests::compute_hash_is_byte_parity_with_the_shared_canonical_formula
        PASS [   0.244s] ( 134/2083) api-server app::tests::web_admin_form_routes_require_authentication
        PASS [   0.244s] ( 135/2083) api-server app::tests::web_form_login_rejects_bad_csrf_with_flash_redirect
        PASS [   0.583s] ( 136/2083) api-server audit_log::tests::head_backfill_links_new_appends_onto_legacy_history
        PASS [   0.750s] ( 137/2083) api-server audit_log::tests::best_effort_writer_swallows_failures_and_writes_on_success
        PASS [   0.653s] ( 138/2083) api-server audit_log::tests::concurrent_appends_produce_a_verifiable_chain
        PASS [   0.643s] ( 139/2083) api-server audit_log::tests::fts_vector_is_maintained_when_the_column_exists
        PASS [   0.710s] ( 140/2083) api-server audit_log::tests::caller_rollback_undoes_the_chain_head_advance
        PASS [   0.012s] ( 141/2083) api-server audit_log::tests::state_is_production_probe_reads_the_env_var
        PASS [   0.013s] ( 142/2083) api-server config::adversarial_tests::adversarial_config_cp_auth_env_bounds
        PASS [   0.012s] ( 143/2083) api-server config::adversarial_tests::adversarial_config_from_env_dev_defaults_and_overrides
        PASS [   0.013s] ( 144/2083) api-server config::adversarial_tests::adversarial_config_environment_aliases_and_previous_keys
        PASS [   0.011s] ( 145/2083) api-server config::adversarial_tests::adversarial_config_generated_secrets_and_env_or
        PASS [   0.012s] ( 146/2083) api-server config::adversarial_tests::adversarial_config_from_env_rejections
        PASS [   0.011s] ( 147/2083) api-server config::adversarial_tests::adversarial_config_parsers_and_validators
        PASS [   0.015s] ( 148/2083) api-server config::adversarial_tests::adversarial_config_production_gate
        PASS [   0.029s] ( 149/2083) api-server config::adversarial_tests::adversarial_config_kiwi_min_duration_floor_panics
        PASS [   0.012s] ( 150/2083) api-server config::adversarial_tests::adversarial_config_ui_surface_routing
        PASS [   0.011s] ( 151/2083) api-server config::adversarial_tests::adversarial_config_urls_and_key_chain
        PASS [   0.012s] ( 152/2083) api-server config::tests::db_connection_budget_rejects_oversized_replica_pool
        PASS [   0.012s] ( 153/2083) api-server config::tests::default_max_inflight_requests_scales_from_db_pool
        PASS [   0.011s] ( 154/2083) api-server config::tests::test_parse_csv
        PASS [   0.011s] ( 155/2083) api-server config::tests::test_default_cors_origins_respects_environment_and_base_url
        PASS [   0.010s] ( 156/2083) api-server config::tests::test_production_security_checks
        PASS [   0.010s] ( 157/2083) api-server config::tests::test_parse_duration_hours
        PASS [   0.011s] ( 158/2083) api-server config::tests::test_redis_url_no_password
        PASS [   0.012s] ( 159/2083) api-server config::tests::test_redis_url_percent_encodes_special_characters
        PASS [   0.011s] ( 160/2083) api-server config::tests::test_redis_url_plain_password
        PASS [   0.010s] ( 161/2083) api-server config::tests::ui_surface_for_host_prefers_explicit_host_maps
        PASS [   0.009s] ( 162/2083) api-server config::tests::validate_rate_limit_config_rejects_excessive_window
        PASS [   0.010s] ( 163/2083) api-server config::tests::validate_rate_limit_config_accepts_reasonable_values
        PASS [   0.011s] ( 164/2083) api-server entitlements::tests::capacity_boundary_is_enforced
        PASS [   0.012s] ( 165/2083) api-server config::tests::validate_rate_limit_config_rejects_zero_values
        PASS [   0.011s] ( 166/2083) api-server entitlements::tests::every_runtime_feature_gate_admits_an_entitled_tenant
        PASS [   0.011s] ( 167/2083) api-server entitlements::tests::every_runtime_feature_gate_refuses_a_non_entitled_tenant
        PASS [   0.012s] ( 168/2083) api-server entitlements::tests::non_runtime_fields_are_never_gates
        PASS [   0.075s] ( 169/2083) api-server entitlements::tests::every_runtime_enforced_field_is_wired_to_a_handler
        PASS [   0.011s] ( 170/2083) api-server entitlements::tests::unimplemented_capacity_maps_to_internal
        PASS [   0.012s] ( 171/2083) api-server entitlements::tests::unlimited_capacity_never_refuses
        PASS [   0.012s] ( 172/2083) api-server error::tests::test_internal_hides_details
        PASS [   0.273s] ( 173/2083) api-server audit_log::tests::production_append_without_key_fails_closed_without_partial_state
        PASS [   0.274s] ( 174/2083) api-server audit_log::tests::legacy_in_tx_wrapper_chains_sequential_appends
        PASS [   0.273s] ( 175/2083) api-server audit_log::tests::tampered_rows_fail_hash_and_signature_verification
        PASS [   0.012s] ( 176/2083) api-server error::tests::test_not_found_response
        PASS [   0.010s] ( 177/2083) api-server error::tests::test_sqlx_row_not_found_maps_to_404
        PASS [   0.012s] ( 178/2083) api-server error::tests::test_rate_limited_message_response
        PASS [   0.011s] ( 179/2083) api-server error::tests::test_rate_limited_response
        PASS [   0.012s] ( 180/2083) api-server error::tests::test_success_envelope
        PASS [   0.012s] ( 181/2083) api-server error::tests::test_success_envelope_with_meta
        PASS [   0.011s] ( 182/2083) api-server error::tests::test_validation_includes_details
        PASS [   6.349s] ( 183/2083) api-server app::tests::cp_login_mints_mfa_backed_cp_session_cookie
        PASS [   1.269s] ( 184/2083) api-server routes::explorer::adversarial_tests::sandbox_provisioning_failure_is_a_generic_500_page
        PASS [   0.484s] ( 185/2083) api-server routes::explorer::adversarial_tests::send_lane_enforces_the_example_com_recipient_policy
        PASS [   7.250s] ( 186/2083) api-server app::tests::cp_gate_admits_mfa_operator_with_valid_cp_session
        PASS [   0.013s] ( 187/2083) api-server feature_flags::tests::resolve_sql_pins_the_canonical_key_and_jsonb_override
        PASS [   0.985s] ( 188/2083) api-server entitlements::tests::resolution_applies_plan_features_and_tenant_overrides
        PASS [   0.013s] ( 189/2083) api-server ip_provider::db_tests::adversarial_dns_verifier_refuses_unparseable_ip_without_lookup
        PASS [   0.013s] ( 190/2083) api-server ip_provider::db_tests::adversarial_non_occupying_sql_matches_the_constant
        PASS [   0.387s] ( 191/2083) api-server routes::explorer::adversarial_tests::unknown_lane_is_400_and_never_dispatches
        PASS [   0.365s] ( 192/2083) api-server routes::explorer::adversarial_tests::with_dkim_env_restores_a_previously_set_encryption_key
        PASS [   0.011s] ( 193/2083) api-server routes::explorer::tests::calculator_clamps_and_formats
        PASS [   0.010s] ( 194/2083) api-server routes::explorer::tests::calculator_picks_cheapest_fitting_plan
        PASS [   0.010s] ( 195/2083) api-server routes::explorer::tests::calculator_quotes_the_canonical_plan_overage_rate
        PASS [   0.009s] ( 196/2083) api-server routes::explorer::tests::client_ip_ignores_forwarded_for_from_untrusted_peers
        PASS [   0.010s] ( 197/2083) api-server routes::explorer::tests::dedicated_ip_addon_labels_one_many_and_the_pro_gate
        PASS [   0.011s] ( 198/2083) api-server routes::explorer::tests::domain_policy_rejects_non_example
        PASS [   0.012s] ( 199/2083) api-server routes::explorer::tests::four_twenty_nine_pages_advertise_retry_after_other_statuses_do_not
        PASS [   0.011s] ( 200/2083) api-server routes::explorer::tests::grade_form_strips_pasted_url_noise
        PASS [   0.011s] ( 201/2083) api-server routes::explorer::tests::recipient_policy_accepts_only_example_com
        PASS [   0.011s] ( 202/2083) api-server routes::explorer::tests::title_capitalises_names_and_handles_the_empty_string
        PASS [   5.410s] ( 203/2083) api-server app::tests::malformed_message_cursor_returns_400_not_500
        PASS [   1.406s] ( 204/2083) api-server feature_flags::tests::disabled_route_rejects_until_admin_patch_enables_it
        PASS [   2.163s] ( 205/2083) api-server feature_flags::tests::invalidate_drops_one_flag_across_tenants
        PASS [   2.088s] ( 206/2083) api-server ip_provider::db_tests::adversarial_provider_from_env_and_construction
        PASS [   2.335s] ( 207/2083) api-server ip_provider::db_tests::adversarial_construction_failure_is_disabled_not_a_panic
        PASS [   3.048s] ( 208/2083) api-server feature_flags::tests::non_boolean_override_is_ignored_recorded_and_logged
        PASS [   3.048s] ( 209/2083) api-server feature_flags::tests::precedence_override_then_global_then_default
        PASS [   3.055s] ( 210/2083) api-server feature_flags::tests::malformed_override_cannot_enable_a_globally_disabled_flag
        PASS [   0.012s] ( 211/2083) api-server ip_provider::db_tests::adversarial_state_machine_exhaustive_matrix
        PASS [   1.690s] ( 212/2083) api-server ip_provider::db_tests::adversarial_provider_list_tenant_ips
        PASS [   2.167s] ( 213/2083) api-server ip_provider::db_tests::adversarial_provider_plan_and_count_wrappers
        PASS [   2.999s] ( 214/2083) api-server ip_provider::db_tests::adversarial_record_failure_plain_db_error_is_honest
        PASS [   2.506s] ( 215/2083) api-server ip_provider::db_tests::adversarial_store_rdns_hostname_requires_verified_domain
        PASS [   3.021s] ( 216/2083) api-server ip_provider::db_tests::adversarial_record_failure_retry_error_is_honest
        PASS [   3.933s] ( 217/2083) api-server ip_provider::db_tests::adversarial_provider_release_ip_tenant_scoped_and_idempotent
        PASS [   3.107s] ( 218/2083) api-server ip_provider::db_tests::adversarial_provider_tick_warmup_graduates_only_full_term
        PASS [   3.039s] ( 219/2083) api-server ip_provider::db_tests::adversarial_store_lifecycle_cas_and_failure_states
        PASS [   3.111s] ( 220/2083) api-server ip_provider::db_tests::adversarial_provider_warmup_state_machine
        PASS [   3.029s] ( 221/2083) api-server ip_provider::db_tests::adversarial_store_plan_gate_and_allowance_count
        PASS [   0.010s] ( 222/2083) api-server ip_provider::tests::test_allocating_ip_add_on_price_consistency
        PASS [   0.011s] ( 223/2083) api-server ip_provider::tests::test_allocation_beyond_included_count_is_pending_charge
        PASS [   0.011s] ( 224/2083) api-server ip_provider::tests::test_allowance_gate_refuses_at_both_hard_caps
        PASS [   0.011s] ( 225/2083) api-server ip_provider::tests::test_assert_transition_maps_illegal_pairs_to_named_errors
        PASS [   0.011s] ( 226/2083) api-server ip_provider::tests::test_attach_failure_cleans_up_and_never_warms
        PASS [   0.011s] ( 227/2083) api-server ip_provider::tests::test_attach_without_configured_server_fails_closed_and_releases
        PASS [   0.010s] ( 228/2083) api-server ip_provider::tests::test_compensation_failure_is_recorded_as_cleanup_failed
        PASS [   0.010s] ( 229/2083) api-server ip_provider::tests::test_concurrent_attempts_compensate_the_loser
        PASS [   0.011s] ( 230/2083) api-server ip_provider::tests::test_create_failure_leaves_no_state
        PASS [   0.010s] ( 231/2083) api-server ip_provider::tests::test_db_failure_after_provider_create_deletes_external_resource
        PASS [   0.010s] ( 232/2083) api-server ip_provider::tests::test_empty_provider_ip_fails_closed
        PASS [   0.010s] ( 233/2083) api-server ip_provider::tests::test_ineligible_plan_refuses_before_provider_traffic
        PASS [   0.010s] ( 234/2083) api-server ip_provider::tests::test_mark_attached_db_failure_compensates
        PASS [   0.011s] ( 235/2083) api-server ip_provider::tests::test_mark_rdns_ready_db_failure_compensates
        PASS [   0.010s] ( 236/2083) api-server ip_provider::tests::test_mark_rdns_ready_refusal_compensates
        PASS [   0.010s] ( 237/2083) api-server ip_provider::tests::test_mark_warming_db_failure_compensates
        PASS [   0.011s] ( 238/2083) api-server ip_provider::tests::test_mark_warming_refusal_compensates
        PASS [   0.011s] ( 239/2083) api-server ip_provider::tests::test_non_occupying_statuses_match_the_state_machine
        PASS [   0.011s] ( 240/2083) api-server ip_provider::tests::test_only_warming_and_active_are_selectable
        PASS [   0.012s] ( 241/2083) api-server ip_provider::tests::test_provider_throwing_on_every_call_fails_closed
        PASS [   0.010s] ( 242/2083) api-server ip_provider::tests::test_provisioning_without_verified_domain_never_creates_provider_resource
        PASS [   0.011s] ( 243/2083) api-server ip_provider::tests::test_rdns_lookup_unavailable_is_not_success
        PASS [   0.012s] ( 244/2083) api-server ip_provider::tests::test_rdns_mismatch_cleans_up_and_never_warms
        PASS [   0.011s] ( 245/2083) api-server ip_provider::tests::test_rdns_set_failure_compensates_and_records
        PASS [   0.011s] ( 246/2083) api-server ip_provider::tests::test_refused_failure_write_still_releases_the_resource
        PASS [   0.011s] ( 247/2083) api-server ip_provider::tests::test_selection_over_all_statuses_returns_only_selectable_rows
        PASS [   0.011s] ( 248/2083) api-server ip_provider::tests::test_state_machine_happy_path_advances_one_step
        PASS [   0.011s] ( 249/2083) api-server ip_provider::tests::test_status_outside_vocabulary_fails_closed
        PASS [   0.011s] ( 250/2083) api-server ip_provider::tests::test_tampered_state_transition_is_refused_and_releases
        PASS [   0.011s] ( 251/2083) api-server ip_provider::tests::test_transitions_cannot_skip_a_step
        PASS [   0.011s] ( 252/2083) api-server ip_provider::tests::test_unrecordable_compensation_never_panics_and_never_selects
        PASS [   0.012s] ( 253/2083) api-server ip_provider::tests::test_warming_row_without_warmup_anchor_fails_closed
        PASS [   0.012s] ( 254/2083) api-server ip_provider::tests::test_warmup_boundary_days
        PASS [   0.012s] ( 255/2083) api-server ip_provider::tests::test_warmup_day_0_is_minimum
        PASS [   0.011s] ( 256/2083) api-server ip_provider::tests::test_warmup_day_1_same_as_day_0
        PASS [   0.012s] ( 257/2083) api-server ip_provider::tests::test_warmup_day_44_is_not_unlimited
        PASS [   0.012s] ( 258/2083) api-server ip_provider::tests::test_warmup_day_45_starts_extended_ramp
        PASS [   0.011s] ( 259/2083) api-server ip_provider::tests::test_warmup_full_period_is_60_days
        PASS [   0.011s] ( 260/2083) api-server ip_provider::tests::test_warmup_graduation_day_is_unlimited
        PASS [   0.011s] ( 261/2083) api-server ip_provider::tests::test_warmup_last_day_before_graduation_is_still_capped
        PASS [   0.011s] ( 262/2083) api-server ip_provider::tests::test_warmup_monotonically_increasing
        PASS [   0.012s] ( 263/2083) api-server ip_provider::tests::test_warmup_no_gaps_in_coverage
        PASS [   0.012s] ( 264/2083) api-server ip_provider::tests::test_warmup_schedule
        PASS [   0.013s] ( 265/2083) api-server middleware::auth::adversarial_tests::api_key_tenant_binding_rejects_path_mismatch_and_admits_system
        PASS [   0.011s] ( 266/2083) api-server middleware::auth::adversarial_tests::authuser_debug_redacts_secrets_and_survives_multibyte_ids
        PASS [   0.011s] ( 267/2083) api-server middleware::auth::adversarial_tests::bearer_extraction_is_strict_about_scheme_and_emptiness
        PASS [   0.010s] ( 268/2083) api-server middleware::auth::adversarial_tests::char_safe_prefix_never_splits_a_codepoint
        PASS [   0.011s] ( 269/2083) api-server middleware::auth::adversarial_tests::credential_precedence_prefers_api_key_then_bearer_then_cookie
        PASS [   0.010s] ( 270/2083) api-server middleware::auth::adversarial_tests::csrf_is_required_only_for_cookie_auth_on_unsafe_methods
        PASS [   0.010s] ( 271/2083) api-server middleware::auth::adversarial_tests::path_tenant_extraction_ignores_static_scope_words
        PASS [   0.322s] ( 272/2083) api-server ip_provider::mock_hetzner_tests::dns_verifier_covers_lookup_arms_without_external_dns
        PASS [   0.010s] ( 273/2083) api-server middleware::auth::adversarial_tests::require_scopes_wildcard_exact_and_multiple
        PASS [   0.009s] ( 274/2083) api-server middleware::auth::adversarial_tests::session_csrf_requires_matching_cookie_and_header
        PASS [   0.010s] ( 275/2083) api-server middleware::auth::adversarial_tests::static_control_plane_key_only_authenticates_admin_paths_on_cp_host
        PASS [   0.984s] ( 276/2083) api-server middleware::auth::adversarial_tests::from_request_parts_rejections_are_401_or_403_never_500
        PASS [   2.947s] ( 277/2083) api-server ip_provider::db_tests::adversarial_tick_warmup_skips_non_uuid_ids
        PASS [   2.763s] ( 278/2083) api-server middleware::auth::adversarial_tests::wave_d::control_plane_static_key_is_surface_bound
        PASS [   3.109s] ( 279/2083) api-server ip_provider::mock_hetzner_tests::allocate_ip_end_to_end_over_the_hetzner_wire
        PASS [   3.077s] ( 280/2083) api-server ip_provider::mock_hetzner_tests::release_ip_over_the_wire_tolerates_and_retires
        PASS [   3.122s] ( 281/2083) api-server ip_provider::mock_hetzner_tests::hetzner_wire_failures_compensate_at_every_step
        PASS [   3.140s] ( 282/2083) api-server ip_provider::mock_hetzner_tests::hetzner_transport_failures_fail_closed
        PASS [   0.011s] ( 283/2083) api-server middleware::auth::adversarial_tests::x_tenant_id_header_is_trimmed_and_empty_becomes_absent
        PASS [   0.010s] ( 284/2083) api-server middleware::auth::tests::billing_recovery_allowlist_admits_only_the_narrow_set
        PASS [   0.011s] ( 285/2083) api-server middleware::auth::tests::billing_recovery_allowlist_blocks_mutations_and_foreign_routes
        PASS [   2.982s] ( 286/2083) api-server middleware::auth::adversarial_tests::wave_d::api_key_cache_survives_corruption_and_vanishing_rows
        PASS [   0.011s] ( 287/2083) api-server middleware::auth::tests::deletion_cancellation_allowlist_admits_only_the_exact_route
        PASS [   0.237s] ( 288/2083) api-server middleware::auth::adversarial_tests::wave_d::tenant_wide_user_status_invalidation_unlinks_every_key
        PASS [   0.309s] ( 289/2083) api-server middleware::auth::tests::membership_check_matches_a_real_row_and_refuses_strangers
        PASS [   2.748s] ( 290/2083) api-server middleware::auth::adversarial_tests::wave_d::legacy_and_argon2_api_keys_authenticate_and_upgrade
        PASS [   2.662s] ( 291/2083) api-server middleware::auth::tests::cached_api_key_hit_still_rejects_expired_keys
        PASS [   0.011s] ( 292/2083) api-server middleware::auth::tests::tenant_status_cache_key_is_prefixed_and_tenant_scoped
        PASS [   0.010s] ( 293/2083) api-server middleware::auth::tests::tenant_status_policy_distinguishes_auth_from_recovery
        PASS [   0.010s] ( 294/2083) api-server middleware::auth::tests::tenant_status_policy_permits_only_active
        PASS [   0.011s] ( 295/2083) api-server middleware::auth::tests::test_api_key_hashing
        PASS [   0.010s] ( 296/2083) api-server middleware::auth::tests::test_api_key_tenant_binding_allows_system_key
        PASS [   0.011s] ( 297/2083) api-server middleware::auth::tests::test_api_key_tenant_binding_rejects_path_mismatch
        PASS [   0.012s] ( 298/2083) api-server middleware::auth::tests::test_auth_user_api_key_has_no_user_id
        PASS [   0.011s] ( 299/2083) api-server middleware::auth::tests::test_auth_user_debug_handles_multibyte_identifiers
        PASS [   0.011s] ( 300/2083) api-server middleware::auth::tests::test_auth_user_deny_unknown_fields_rejects_extra_fields
        PASS [   0.011s] ( 301/2083) api-server middleware::auth::tests::test_auth_user_serialization_roundtrip
        PASS [   0.012s] ( 302/2083) api-server middleware::auth::tests::test_cache_operations_pattern_safe_on_redis_failure
        PASS [   0.011s] ( 303/2083) api-server middleware::auth::tests::test_char_safe_prefix_never_splits_characters
        PASS [   0.011s] ( 304/2083) api-server middleware::auth::tests::test_claims_typ_is_session_matrix
        PASS [   0.012s] ( 305/2083) api-server middleware::auth::tests::test_control_plane_static_key_request_requires_admin_path_and_control_plane_host
        PASS [   0.013s] ( 306/2083) api-server middleware::auth::tests::test_developer_role_scopes_cannot_manage_webhooks
        PASS [   0.012s] ( 307/2083) api-server middleware::auth::tests::test_extract_auth_credential_accepts_session_cookie
        PASS [   0.013s] ( 308/2083) api-server middleware::auth::tests::test_extract_auth_credential_ignores_bearer_like_cookie_values
        PASS [   0.011s] ( 309/2083) api-server middleware::auth::tests::test_extract_auth_credential_prefers_api_key
        PASS [   0.011s] ( 310/2083) api-server middleware::auth::tests::test_issued_before_or_at_revocation_edge_cases
        PASS [   0.012s] ( 311/2083) api-server middleware::auth::tests::test_issued_before_or_at_revocation_rejects_old_tokens
        PASS [   0.013s] ( 312/2083) api-server middleware::auth::tests::test_jwt_claims_roundtrip
        PASS [   0.012s] ( 313/2083) api-server middleware::auth::tests::test_lookup_cached_api_key_allows_none_user_id
        PASS [   0.013s] ( 314/2083) api-server middleware::auth::tests::test_lookup_cached_api_key_evicts_corrupted_json
        PASS [   0.011s] ( 315/2083) api-server middleware::auth::tests::test_lookup_cached_api_key_evicts_empty_tenant_id
        PASS [   0.012s] ( 316/2083) api-server middleware::auth::tests::test_lookup_cached_api_key_evicts_empty_user_id
        PASS [   0.012s] ( 317/2083) api-server middleware::auth::tests::test_parse_cached_user_status_handles_missing_sentinel
        PASS [   0.011s] ( 318/2083) api-server middleware::auth::tests::test_parse_cached_user_status_missing_sentinel_is_specific
        PASS [   0.011s] ( 319/2083) api-server middleware::auth::tests::test_require_scopes_empty_scopes_denies_all
        PASS [   0.012s] ( 320/2083) api-server middleware::auth::tests::test_require_scopes_missing
        PASS [   0.012s] ( 321/2083) api-server middleware::auth::tests::test_require_scopes_no_requirements_passes
        PASS [   0.010s] ( 322/2083) api-server middleware::auth::tests::test_require_scopes_partial_match_denies
        PASS [   0.011s] ( 323/2083) api-server middleware::auth::tests::test_require_scopes_present
        PASS [   0.012s] ( 324/2083) api-server middleware::auth::tests::test_require_scopes_similar_name_no_match
        PASS [   0.011s] ( 325/2083) api-server middleware::auth::tests::test_require_scopes_wildcard
        PASS [   0.011s] ( 326/2083) api-server middleware::auth::tests::test_require_scopes_wildcard_grants_everything
        PASS [   0.010s] ( 327/2083) api-server middleware::auth::tests::test_session_revocation_key_is_scoped_by_tenant_and_user
        PASS [   0.010s] ( 328/2083) api-server middleware::auth::tests::test_session_revocation_key_isolates_tenants_and_users
        PASS [   0.011s] ( 329/2083) api-server middleware::auth::tests::test_tenant_id_from_request_path_extracts_admin_tenant_segment
        PASS [   0.010s] ( 330/2083) api-server middleware::auth::tests::test_user_status_cache_key_is_scoped_by_tenant_and_user
        PASS [   0.011s] ( 331/2083) api-server middleware::auth::tests::test_user_status_cache_key_isolates_tenants_and_users
        PASS [   0.011s] ( 332/2083) api-server middleware::auth::tests::test_validate_session_csrf_requires_matching_cookie_and_header
        PASS [   0.011s] ( 333/2083) api-server middleware::auth::tests::test_viewer_role_scopes_cannot_send_messages
        PASS [   3.892s] ( 334/2083) api-server middleware::auth::adversarial_tests::wave_d::verify_session_rejects_the_forged_token_family
        PASS [   3.795s] ( 335/2083) api-server middleware::auth::tests::live_scopes_tests::demoted_admin_session_loses_admin_scopes
        PASS [   4.570s] ( 336/2083) api-server middleware::auth::tests::suspended_tenant_session_is_refused_and_suspend_is_immediate
        PASS [   5.720s] ( 337/2083) api-server middleware::auth::adversarial_tests::wave_d::x_tenant_id_injection_is_refused_for_sessions_and_keys
        PASS [   5.948s] ( 338/2083) api-server middleware::auth::tests::suspended_tenant_api_key_is_refused
        PASS [   3.306s] ( 339/2083) api-server middleware::cp_auth::tests::middleware_tests::cp_session_for_a_different_user_is_rejected
        PASS [   3.216s] ( 340/2083) api-server middleware::cp_auth::tests::middleware_tests::cp_user_extractor_reads_the_gate_extension
        PASS [   3.174s] ( 341/2083) api-server middleware::cp_auth::tests::middleware_tests::deleted_operator_is_refused_on_recheck
        PASS [   2.416s] ( 342/2083) api-server middleware::cp_auth::tests::middleware_tests::idle_timeout_rejects_stale_cp_sessions
        PASS [   3.180s] ( 343/2083) api-server middleware::cp_auth::tests::middleware_tests::expired_claims_are_refused_before_the_database
        PASS [   2.454s] ( 344/2083) api-server middleware::cp_auth::tests::middleware_tests::garbage_cp_session_token_is_an_audited_401
        PASS [   1.760s] ( 345/2083) api-server middleware::cp_auth::tests::middleware_tests::ip_outside_allowlist_is_forbidden_even_with_valid_session
        PASS [   3.447s] ( 346/2083) api-server middleware::cp_auth::tests::middleware_tests::demoted_role_is_rejected_on_live_recheck
        PASS [   1.839s] ( 347/2083) api-server middleware::cp_auth::tests::middleware_tests::inactive_operator_session_is_rejected_on_recheck
        PASS [   2.375s] ( 348/2083) api-server middleware::cp_auth::tests::middleware_tests::machine_credentials_bypass_the_session_requirement
        PASS [   2.378s] ( 349/2083) api-server middleware::cp_auth::tests::middleware_tests::malformed_subject_fails_the_live_recheck_loud
        PASS [   2.384s] ( 350/2083) api-server middleware::cp_auth::tests::middleware_tests::missing_bearer_identity_fails_closed
        PASS [   2.405s] ( 351/2083) api-server middleware::cp_auth::tests::middleware_tests::mfa_required_api_post_keeps_json
        PASS [   2.400s] ( 352/2083) api-server middleware::cp_auth::tests::middleware_tests::mfa_required_browser_post_gets_html_with_guidance
        PASS [   0.012s] ( 353/2083) api-server middleware::cp_auth::tests::test_cidr_validation
        PASS [   0.012s] ( 354/2083) api-server middleware::cp_auth::tests::test_cp_session_token_roundtrip
        PASS [   2.417s] ( 355/2083) api-server middleware::cp_auth::tests::middleware_tests::mfa_disabled_after_login_is_rejected_on_live_recheck
        PASS [   0.011s] ( 356/2083) api-server middleware::cp_auth::tests::token_without_a_separator_is_rejected_before_crypto
        PASS [   0.011s] ( 357/2083) api-server middleware::cp_auth::tests::test_cp_session_token_tamper_detection
        PASS [   0.011s] ( 358/2083) api-server middleware::cp_auth::tests::test_cp_session_token_wrong_secret
        PASS [   0.010s] ( 359/2083) api-server middleware::fence::tests::disabled_gate_passes_every_write
        PASS [   0.010s] ( 360/2083) api-server middleware::fence::tests::enabled_gate_fails_closed_when_the_authority_is_unreadable
        PASS [   0.010s] ( 361/2083) api-server middleware::fence::tests::enabled_gate_refuses_a_fenced_node_and_allows_a_clean_one
        PASS [   0.009s] ( 362/2083) api-server middleware::fence::tests::only_state_changing_verbs_are_gated
        PASS [   0.010s] ( 363/2083) api-server middleware::fence::tests::refusals_are_503_with_a_retry_elsewhere_body
        PASS [   0.226s] ( 364/2083) api-server middleware::idempotency::adversarial_tests::an_in_flight_claim_returns_409_with_retry_after
        PASS [   0.227s] ( 365/2083) api-server middleware::idempotency::adversarial_tests::keys_are_tenant_scoped
        PASS [   0.257s] ( 366/2083) api-server middleware::idempotency::adversarial_tests::concurrent_duplicates_produce_exactly_one_effect
        PASS [   0.227s] ( 367/2083) api-server middleware::idempotency::adversarial_tests::legacy_unbound_records_are_evicted_and_reexecuted
        PASS [   0.224s] ( 368/2083) api-server middleware::idempotency::adversarial_tests::oversized_request_body_is_413_before_the_handler
        PASS [   0.225s] ( 369/2083) api-server middleware::idempotency::adversarial_tests::oversized_response_streams_through_uncached
        PASS [   0.221s] ( 370/2083) api-server middleware::idempotency::adversarial_tests::redis_outage_proceeds_unclaimed_twice
        PASS [   0.220s] ( 371/2083) api-server middleware::idempotency::adversarial_tests::safe_reads_bypass_the_cache_entirely
        PASS [   0.239s] ( 372/2083) api-server middleware::idempotency::adversarial_tests::same_key_different_body_is_a_409_and_never_replays
        PASS [   0.011s] ( 373/2083) api-server middleware::idempotency::tests::body_over_the_route_limit_is_too_large
        PASS [   0.010s] ( 374/2083) api-server middleware::idempotency::tests::body_read_failure_is_an_explicit_error
        PASS [   0.009s] ( 375/2083) api-server middleware::idempotency::tests::cache_key_binds_method_and_route
        PASS [   0.009s] ( 376/2083) api-server middleware::idempotency::tests::canonical_payload_hash_distinguishes_bodies
        PASS [   0.008s] ( 377/2083) api-server middleware::idempotency::tests::conflicting_method_is_rejected
        PASS [   0.008s] ( 378/2083) api-server middleware::idempotency::tests::conflicting_payload_hash_is_rejected
        PASS [   0.011s] ( 379/2083) api-server middleware::idempotency::tests::conflicting_principal_is_rejected
        PASS [   0.011s] ( 380/2083) api-server middleware::idempotency::tests::conflicting_route_is_rejected
        PASS [   0.032s] ( 381/2083) api-server middleware::idempotency::tests::dropping_the_guard_aborts_the_renewal_task
        PASS [   0.010s] ( 382/2083) api-server middleware::idempotency::tests::explicit_body_errors_use_413_and_400
        PASS [   0.010s] ( 383/2083) api-server middleware::idempotency::tests::legacy_cached_record_deserializes_without_identity_fields
        PASS [   0.010s] ( 384/2083) api-server middleware::idempotency::tests::missing_identity_dimensions_are_unbound_misses
        PASS [   0.227s] ( 385/2083) api-server middleware::idempotency::adversarial_tests::same_key_same_body_replays_the_stored_response
        PASS [   0.226s] ( 386/2083) api-server middleware::idempotency::adversarial_tests::server_errors_are_not_cached
        PASS [   0.010s] ( 387/2083) api-server middleware::idempotency::tests::ownership_scripts_compare_the_owner_token
        PASS [   0.010s] ( 388/2083) api-server middleware::idempotency::tests::principal_binding_prefers_api_key_over_missing_user_id
        PASS [   0.009s] ( 389/2083) api-server middleware::idempotency::tests::principal_matches_accepts_same_session
        PASS [   0.009s] ( 390/2083) api-server middleware::idempotency::tests::principal_matches_rejects_different_api_keys_without_user_ids
        PASS [   0.009s] ( 391/2083) api-server middleware::idempotency::tests::replay_matches_on_full_identity
        PASS [   0.009s] ( 392/2083) api-server middleware::idempotency::tests::safe_methods_are_bypassed
        PASS [   0.010s] ( 393/2083) api-server middleware::idempotency::tests::test_cached_response_roundtrip
        PASS [   0.012s] ( 394/2083) api-server middleware::idempotency::tests::test_extract_idempotency_key_missing
        PASS [   0.012s] ( 395/2083) api-server middleware::idempotency::tests::test_extract_idempotency_key_present
        PASS [   0.011s] ( 396/2083) api-server middleware::metrics::tests::metrics_middleware_handles_unmatched_paths
        PASS [   0.009s] ( 397/2083) api-server middleware::rate_limiter::tests::cost_throttle_contract_only_reduces_the_plan_limit
        PASS [   0.009s] ( 398/2083) api-server middleware::rate_limiter::tests::test_current_time_ms_reasonable_range
        PASS [   0.009s] ( 399/2083) api-server middleware::rate_limiter::tests::test_current_window_deterministic
        PASS [   0.009s] ( 400/2083) api-server middleware::rate_limiter::tests::test_current_window_different_sizes
        PASS [   0.009s] ( 401/2083) api-server middleware::rate_limiter::tests::test_current_window_non_overlapping
        PASS [   0.008s] ( 402/2083) api-server middleware::rate_limiter::tests::test_extract_public_client_ip_ignores_forwarded_when_socket_untrusted
        PASS [   0.009s] ( 403/2083) api-server middleware::rate_limiter::tests::test_extract_public_client_ip_ignores_spoofed_leftmost_entries
        PASS [   0.008s] ( 404/2083) api-server middleware::rate_limiter::tests::test_extract_public_client_ip_uses_forwarded_when_socket_trusted
        PASS [   0.009s] ( 405/2083) api-server middleware::rate_limiter::tests::test_parse_cached_rate_limit_tier_handles_tier_and_none_sentinel
        PASS [   0.008s] ( 406/2083) api-server middleware::rate_limiter::tests::test_rate_limit_info_remaining
        PASS [   0.008s] ( 407/2083) api-server middleware::rate_limiter::tests::test_rate_limit_info_struct_fields
        PASS [   0.008s] ( 408/2083) api-server middleware::rate_limiter::tests::test_rate_limit_outcome_exceeded_has_reset_at
        PASS [   0.192s] ( 409/2083) api-server middleware::idempotency::tests::oversized_under_limit_body_is_fully_buffered_and_hashed
        PASS [   0.008s] ( 410/2083) api-server middleware::rate_limiter::tests::test_requests_per_window_all_tiers_monotonic
        PASS [   0.009s] ( 411/2083) api-server middleware::rate_limiter::tests::test_rate_limit_outcome_redis_down_maps_correctly
        PASS [   0.009s] ( 412/2083) api-server middleware::rate_limiter::tests::test_requests_per_window_for_rate_limit_tiers
        PASS [   0.009s] ( 413/2083) api-server middleware::rate_limiter::tests::test_requests_per_window_rounds_up_subsecond_windows
        PASS [   0.009s] ( 414/2083) api-server middleware::rate_limiter::tests::test_sliding_window_math
        PASS [   0.009s] ( 415/2083) api-server middleware::rate_limiter::tests::test_requests_per_window_tiny_window
        PASS [   0.009s] ( 416/2083) api-server middleware::rate_limiter::tests::test_tenant_rate_limit_cache_key_scopes_by_tenant
        PASS [   0.009s] ( 417/2083) api-server middleware::rate_limiter::tests::test_sliding_window_math_edge_cases
        PASS [   0.210s] ( 418/2083) api-server middleware::metrics::tests::metrics_middleware_records_without_panic
        PASS [   0.010s] ( 419/2083) api-server middleware::rate_limiter::w6a_adversarial_tests::check_rate_limit_source_pins_incr_and_expire_together
        PASS [   0.009s] ( 420/2083) api-server middleware::rate_limiter::w6a_adversarial_tests::client_ip_walks_xff_then_real_ip_then_socket
        PASS [   0.223s] ( 421/2083) api-server middleware::rate_limiter::w6a_adversarial_tests::anonymous_system_and_unauthenticated_requests_use_the_configured_default
        PASS [   0.009s] ( 422/2083) api-server middleware::rate_limiter::w6a_adversarial_tests::extract_user_key_prefers_api_key_then_session_cookie
        PASS [   0.269s] ( 423/2083) api-server middleware::rate_limiter::w6a_adversarial_tests::burst_boundary_allows_exactly_max_then_429_with_retry_after
        PASS [   0.009s] ( 424/2083) api-server middleware::rate_limiter::w6a_adversarial_tests::normalise_ip_folds_v6_mapped_v4_into_v4
        PASS [   0.233s] ( 425/2083) api-server middleware::rate_limiter::w6a_adversarial_tests::cost_throttle_caps_baseline_and_ignores_hostile_values
        PASS [   0.225s] ( 426/2083) api-server middleware::rate_limiter::w6a_adversarial_tests::incr_expire_lua_sets_the_ttl_on_the_first_incr_only
        PASS [   0.295s] ( 427/2083) api-server middleware::rate_limiter::w6a_adversarial_tests::per_tenant_keys_are_isolated_buckets
        PASS [   0.279s] ( 428/2083) api-server middleware::rate_limiter::w6a_adversarial_tests::plan_cache_tier_drives_limit_and_unknown_tenant_negative_caches
        PASS [   0.255s] ( 429/2083) api-server middleware::rate_limiter::w6a_adversarial_tests::public_limiter_allows_20_then_429s_the_21st_per_bucket
        PASS [   0.266s] ( 430/2083) api-server middleware::rate_limiter::w6a_adversarial_tests::public_limiter_buckets_are_isolated_per_credential
        PASS [   0.250s] ( 431/2083) api-server middleware::rate_limiter::w6a_adversarial_tests::public_limiter_buckets_by_forwarded_ip_only_through_trusted_proxies
        PASS [   0.224s] ( 432/2083) api-server middleware::rate_limiter::w6a_adversarial_tests::public_limiter_dev_opt_out_never_limits
        PASS [   0.225s] ( 433/2083) api-server middleware::rate_limiter::w6a_adversarial_tests::public_limiter_redis_down_fails_closed_in_production_only
        PASS [   0.251s] ( 434/2083) api-server middleware::rate_limiter::w6a_adversarial_tests::public_limiter_without_socket_or_credential_buckets_by_path
        PASS [   0.243s] ( 435/2083) api-server middleware::rate_limiter::w6a_adversarial_tests::rate_limited_api_post_still_gets_json
        PASS [   0.252s] ( 436/2083) api-server middleware::rate_limiter::w6a_adversarial_tests::rate_limited_browser_post_gets_html_not_json
        PASS [   2.472s] ( 437/2083) api-server middleware::cp_auth::tests::middleware_tests::refresh_refuses_absolute_expiry_and_idle_stale_sessions
        PASS [   2.531s] ( 438/2083) api-server middleware::cp_auth::tests::middleware_tests::non_admin_role_claims_are_refused_at_the_gate
        PASS [   2.536s] ( 439/2083) api-server middleware::cp_auth::tests::middleware_tests::missing_connect_info_with_allowlist_is_denied
        PASS [   0.010s] ( 440/2083) api-server middleware::rate_limiter::w6a_adversarial_tests::trusted_proxy_networks_accept_cidr_and_plain_ips_and_skip_junk
        PASS [   0.295s] ( 441/2083) api-server middleware::rate_limiter::w6a_adversarial_tests::redis_down_fails_closed_in_production_and_open_in_development
        PASS [   0.009s] ( 442/2083) api-server middleware::rate_limiter::w6a_adversarial_tests::ttl_jitter_stays_in_band_and_handles_tiny_bases
        PASS [   0.220s] ( 443/2083) api-server middleware::rate_limiter::w6a_adversarial_tests::redis_outage_api_post_still_gets_json
        PASS [   0.010s] ( 444/2083) api-server middleware::request_logger::tests::lookalike_prefixes_are_not_redacted
        PASS [   0.009s] ( 445/2083) api-server middleware::request_logger::tests::non_token_paths_pass_through_unchanged
        PASS [   0.009s] ( 446/2083) api-server middleware::request_logger::tests::normalizes_legacy_string_error_responses
        PASS [   0.010s] ( 447/2083) api-server middleware::request_logger::tests::preserves_standardized_error_details_and_adds_request_id
        PASS [   0.009s] ( 448/2083) api-server middleware::request_logger::tests::test_request_id_newtype
        PASS [   0.009s] ( 449/2083) api-server middleware::request_logger::tests::test_uuid_generation_is_unique
        PASS [   0.008s] ( 450/2083) api-server middleware::request_logger::tests::token_bearing_paths_are_redacted_to_their_route_shape
        PASS [   0.221s] ( 451/2083) api-server middleware::rate_limiter::w6a_adversarial_tests::redis_outage_browser_post_gets_html_not_json
        PASS [   0.227s] ( 452/2083) api-server middleware::rate_limiter::w6a_adversarial_tests::sliding_window_blocks_over_limit_and_allows_fresh_keys_deterministically
        PASS [   0.013s] ( 453/2083) api-server middleware::sales_owner::boundary_tests::sales_owner_gate_is_mounted_on_exactly_the_sales_routers
        PASS [   0.011s] ( 454/2083) api-server middleware::tests::browser_error_page_is_branded_html_without_a_json_body
        PASS [   0.011s] ( 455/2083) api-server middleware::tests::browser_error_page_response_sets_html_and_no_store
        PASS [   0.010s] ( 456/2083) api-server middleware::tests::browser_paths_match_the_served_surfaces_and_api_paths_do_not
        PASS [   0.011s] ( 457/2083) api-server middleware::versioning::tests::invalid_version_rejected
        PASS [   0.012s] ( 458/2083) api-server middleware::versioning::tests::malformed_version_ignored
        PASS [   0.013s] ( 459/2083) api-server middleware::versioning::tests::no_version_header_passes
        PASS [   0.273s] ( 460/2083) api-server middleware::rate_limiter::w6a_adversarial_tests::tenant_limiter_browser_post_gets_html_and_api_keeps_json
        PASS [   0.011s] ( 461/2083) api-server middleware::versioning::tests::test_extract_version_from_accept
        PASS [   0.012s] ( 462/2083) api-server middleware::versioning::tests::valid_version_passes
        PASS [   0.011s] ( 463/2083) api-server middleware::waf::tests::blocked_response_uses_engine_status
        PASS [   0.018s] ( 464/2083) api-server middleware::waf::tests::clean_request_is_allowed
        PASS [   0.016s] ( 465/2083) api-server middleware::waf::tests::sql_injection_path_is_flagged
        PASS [   0.011s] ( 466/2083) api-server presentation::json_buffer::tests::test_json_buffer_clear_and_reuse
        PASS [   0.017s] ( 467/2083) api-server middleware::waf::tests::xss_query_string_is_flagged
        PASS [   0.012s] ( 468/2083) api-server presentation::json_buffer::tests::test_json_buffer_reuse
        PASS [   0.012s] ( 469/2083) api-server presentation::json_buffer::tests::test_json_buffer_serialize
        PASS [   0.011s] ( 470/2083) api-server presentation::leads::tests::source_icon_maps_known_lead_sources
        PASS [   0.010s] ( 471/2083) api-server presentation::leads::tests::source_icon_uses_default_for_unknown_sources
        PASS [   0.010s] ( 472/2083) api-server resilience::tests::test_bulkhead_call_success
        PASS [   0.063s] ( 473/2083) api-server resilience::tests::test_bulkhead_times_out
        PASS [   0.011s] ( 474/2083) api-server resilience::tests::test_circuit_breaker_closed_allows_requests
        PASS [   0.112s] ( 475/2083) api-server resilience::tests::test_circuit_breaker_half_open_allows_probes
        PASS [   0.113s] ( 476/2083) api-server resilience::tests::test_circuit_breaker_half_open_failure_goes_back_to_open
        PASS [   0.010s] ( 477/2083) api-server resilience::tests::test_circuit_breaker_opens_after_threshold
        PASS [   0.008s] ( 478/2083) api-server resilience::tests::test_resilient_client_default_configs
        PASS [   0.512s] ( 479/2083) api-server resilience::tests::test_bulkhead_limits_concurrency
        PASS [   1.567s] ( 480/2083) api-server middleware::rate_limiter::w6a_adversarial_tests::window_rotation_restores_the_budget_on_the_real_clock
        PASS [   2.254s] ( 481/2083) api-server middleware::sales_owner::boundary_tests::role_lookup_outage_fails_closed
        PASS [   2.259s] ( 482/2083) api-server middleware::sales_owner::boundary_tests::owner_demotion_takes_effect_immediately
        PASS [   2.158s] ( 483/2083) api-server middleware::sales_owner::boundary_tests::sales_gate_truth_table_admits_only_the_human_owner
        PASS [   3.392s] ( 484/2083) api-server routes::account::adversarial_tests::cancellation_rejects_unknown_body_fields
        PASS [   3.281s] ( 485/2083) api-server routes::account::adversarial_tests::cancellation_requires_a_wildcard_scope
        PASS [   2.285s] ( 486/2083) api-server routes::account::adversarial_tests::delete_account_for_an_api_key_identity_is_user_not_found
        PASS [   5.309s] ( 487/2083) api-server routes::account::adversarial_tests::cancellation_without_a_pending_deletion_conflicts
        PASS [   0.011s] ( 488/2083) api-server routes::account::adversarial_tests::deletion_due_is_true_only_for_parseable_past_schedules
        PASS [   4.768s] ( 489/2083) api-server routes::account::adversarial_tests::delete_account_rejects_wrong_confirmation_phrase
        PASS [   0.011s] ( 490/2083) api-server routes::account::adversarial_tests::dual_scheme_maps_corrupt_hash_to_internal_error
        PASS [   0.010s] ( 491/2083) api-server routes::account::adversarial_tests::dual_scheme_rejects_unknown_hash_scheme_with_internal_error
        PASS [   0.535s] ( 492/2083) api-server routes::account::adversarial_tests::dual_scheme_accepts_bcrypt_and_argon2id_hashes
        PASS [   5.221s] ( 493/2083) api-server routes::account::adversarial_tests::delete_account_rejects_unknown_body_fields
        PASS [   4.068s] ( 494/2083) api-server routes::account::adversarial_tests::delete_account_schedules_deletion_and_disables_the_tenant
        PASS [   2.022s] ( 495/2083) api-server routes::account::adversarial_tests::profile_for_an_api_key_identity_has_no_user_row
        PASS [   6.650s] ( 496/2083) api-server routes::account::adversarial_tests::delete_account_requires_wildcard_scope
        PASS [   2.359s] ( 497/2083) api-server routes::account::adversarial_tests::sweeper_purges_only_due_tenants_and_honours_preconditions
        PASS [   7.567s] ( 498/2083) api-server routes::account::adversarial_tests::delete_account_rejects_wrong_password_without_side_effects
        PASS [   1.184s] ( 499/2083) api-server routes::admin::ai_drafts::approval_db_tests::another_tenants_draft_is_unreachable_without_the_system_tenant
        PASS [   0.476s] ( 500/2083) api-server routes::admin::ai_drafts::approval_db_tests::approval_binds_canonical_varchar_id
        PASS [   0.011s] ( 501/2083) api-server routes::admin::ai_drafts::approval_db_tests::draft_statements_bind_the_canonical_varchar_id
        PASS [   0.367s] ( 502/2083) api-server routes::admin::ai_drafts::approval_db_tests::concurrent_approvals_exactly_one_reply
        PASS [   0.493s] ( 503/2083) api-server routes::admin::ai_drafts::approval_db_tests::failed_enqueue_leaves_recoverable_draft
        PASS [   5.572s] ( 504/2083) api-server routes::account::adversarial_tests::profile_requires_authentication
        PASS [   5.652s] ( 505/2083) api-server routes::account::adversarial_tests::profile_returns_the_live_user_row_for_a_session
        PASS [   5.318s] ( 506/2083) api-server routes::account::adversarial_tests::scheduled_deletion_can_be_cancelled_inside_the_grace_period
        PASS [   2.200s] ( 507/2083) api-server routes::admin::ai_drafts::approval_http_tests::approve_fails_closed_when_the_reply_cannot_be_queued
        PASS [   3.216s] ( 508/2083) api-server routes::admin::ai_drafts::approval_http_tests::approval_http_surface_end_to_end
        PASS [   1.820s] ( 509/2083) api-server routes::admin::ai_drafts::approval_http_tests::reject_rolls_back_when_the_audit_write_fails
        PASS [  30.230s] ( 510/2083) api-server middleware::auth::adversarial_tests::wave_d::tenant_status_sentinel_short_circuits_before_the_database
        PASS [   4.127s] ( 511/2083) api-server routes::admin::ai_drafts::approval_http_tests::approve_refuses_without_marketing_consent_and_stays_recoverable
        PASS [   3.602s] ( 512/2083) api-server routes::admin::ai_drafts::approval_http_tests::first_response_approval_uses_the_priority_lane_and_closes_the_request
        PASS [   1.715s] ( 513/2083) api-server routes::admin::alert_rules::adversarial_tests::rules_require_wildcard_scope_and_the_system_tenant
        PASS [   2.050s] ( 514/2083) api-server routes::admin::alert_rules::adversarial_tests::rule_validation_refuses_unfireable_or_unknown_input
        PASS [   3.235s] ( 515/2083) api-server routes::admin::alert_rules::adversarial_tests::created_rule_is_evaluated_by_the_running_sweep_and_fires
        PASS [   2.486s] ( 516/2083) api-server routes::admin::alert_rules::adversarial_tests::rule_crud_lifecycle_persists_and_audits_every_mutation
        PASS [   0.013s] ( 517/2083) api-server routes::admin::analytics::tests::clickhouse_config_from_env_shares_tracking_service_variable_names
        PASS [   0.012s] ( 518/2083) api-server routes::admin::analytics::tests::clickhouse_window_maps_ranges
        PASS [   0.011s] ( 519/2083) api-server routes::admin::analytics::tests::parse_analytics_range_defaults_to_seven_days
        PASS [   0.012s] ( 520/2083) api-server routes::admin::analytics::tests::select_event_columns_only_returns_whitelisted_variants
        PASS [   0.010s] ( 521/2083) api-server routes::admin::analytics::tests::stats_rates_are_fractions_over_the_send_cohort
        PASS [   0.011s] ( 522/2083) api-server routes::admin::analytics_export::tests::build_csv_quotes_header_and_values
        PASS [   0.011s] ( 523/2083) api-server routes::admin::analytics_export::tests::build_csv_sanitizes_formula_like_values
        PASS [   0.011s] ( 524/2083) api-server routes::admin::analytics_export::tests::export_row_maps_every_canonical_cohort_field
        PASS [   5.833s] ( 525/2083) api-server routes::admin::ai_drafts::approval_http_tests::approve_rolls_back_entirely_when_the_audit_write_fails
        PASS [   6.361s] ( 526/2083) api-server routes::admin::ai_drafts::approval_http_tests::approve_writes_operator_attribution_audit_with_the_reply
        PASS [   0.017s] ( 527/2083) api-server routes::admin::audit::tests::audit_filter_predicates_are_explicitly_allowlisted
        PASS [   0.016s] ( 528/2083) api-server routes::admin::audit::tests::build_audit_query_plan_binds_filter_values
        PASS [   0.022s] ( 529/2083) api-server routes::admin::audit::tests::keyset_cursor_decode_rejects_every_malformed_shape
        PASS [   3.101s] ( 530/2083) api-server routes::admin::analytics_export::tests::message_opened_three_times_counts_once_in_export_csv
        PASS [   2.355s] ( 531/2083) api-server routes::admin::audit::tests::list_audit_logs_filters_maps_and_orders_rows
        PASS [   3.536s] ( 532/2083) api-server routes::admin::analytics::adversarial_tests::clickhouse_engagement_validates_tenant_and_degrades_honestly
        PASS [   0.011s] ( 533/2083) api-server routes::admin::audit::tests::resolve_audit_window_defaults_to_last_thirty_days
        PASS [   0.010s] ( 534/2083) api-server routes::admin::audit::tests::resolve_audit_window_rejects_inverted_ranges
        PASS [   0.011s] ( 535/2083) api-server routes::admin::audit::tests::resolve_audit_window_rejects_ranges_wider_than_ninety_days
        PASS [   3.699s] ( 536/2083) api-server routes::admin::analytics::adversarial_tests::analytics_empty_window_reports_null_rates_never_zero
        PASS [   4.438s] ( 537/2083) api-server routes::admin::analytics::adversarial_tests::analytics_aggregates_send_cohorts_with_fractional_rates
        PASS [   3.616s] ( 538/2083) api-server routes::admin::analytics::adversarial_tests::analytics_gates
        PASS [   3.205s] ( 539/2083) api-server routes::admin::audit::tests::audit_cursor_sweep_matches_offset_and_stays_scoped
        PASS [   2.913s] ( 540/2083) api-server routes::admin::audit::tests::list_audit_logs_rejects_bad_windows
        PASS [   3.217s] ( 541/2083) api-server routes::admin::audit::tests::list_audit_logs_refuses_non_system_tenants
        PASS [   2.981s] ( 542/2083) api-server routes::admin::audit_search::adversarial_tests::audit_search_gates
        PASS [   2.970s] ( 543/2083) api-server routes::admin::audit_search::adversarial_tests::audit_search_window_validation
        PASS [   0.013s] ( 544/2083) api-server routes::admin::audit_search::tests::csv_record_bytes_quotes_embedded_separators
        PASS [   0.012s] ( 545/2083) api-server routes::admin::audit_search::tests::search_cursor_decode_rejects_every_malformed_shape
        PASS [   0.012s] ( 546/2083) api-server routes::admin::audit_search::tests::search_window_is_capped_at_ninety_days
        PASS [   0.013s] ( 547/2083) api-server routes::admin::autopilot::tests::autonomy_modes_match_the_canonical_check_constraint
        PASS [   3.052s] ( 548/2083) api-server routes::admin::audit_search::adversarial_tests::audit_export_streams_csv_and_escapes_and_audits_itself
        PASS [   3.154s] ( 549/2083) api-server routes::admin::audit_search::adversarial_tests::audit_search_filters_rank_and_paginates
        PASS [   3.197s] ( 550/2083) api-server routes::admin::audit_search::adversarial_tests::search_cursor_sweep_matches_offset_and_stays_scoped
        PASS [   0.011s] ( 551/2083) api-server routes::admin::autopilot::tests::legacy_local_autopilot_brain_is_gone
        PASS [   0.223s] ( 552/2083) api-server routes::admin::autopilot::tests::invalid_mode_is_rejected_before_any_upstream_call
        PASS [   0.224s] ( 553/2083) api-server routes::admin::autopilot::tests::invalid_review_outcome_is_rejected
        PASS [   0.221s] ( 554/2083) api-server routes::admin::autopilot::tests::overview_fails_closed_when_the_service_is_unconfigured
        PASS [   2.352s] ( 555/2083) api-server routes::admin::audit_search::tests::filtered_search_executes_without_parameter_mismatch
        PASS [   2.459s] ( 556/2083) api-server routes::admin::autopilot::tests::decision_review_refuses_unsafe_path_ids_before_any_upstream_call
        PASS [   2.651s] ( 557/2083) api-server routes::admin::audit_search::coverage_residual_tests::storage_failure_terminates_stream_and_search_honestly
        PASS [   2.795s] ( 558/2083) api-server routes::admin::audit_search::coverage_residual_tests::export_chunks_honor_every_filter_combination
        PASS [   2.172s] ( 559/2083) api-server routes::admin::autopilot::tests::proxy_forwards_upstream_error_status_and_content_type
        PASS [   2.332s] ( 560/2083) api-server routes::admin::autopilot::tests::proxy_forwards_every_control_surface_and_audits_mutations
        PASS [   2.341s] ( 561/2083) api-server routes::admin::calendar::tests::adversarial_tests::calendar_requires_authentication
        PASS [   2.313s] ( 562/2083) api-server routes::admin::calendar::tests::adversarial_tests::calendar_requires_the_wildcard_scope
        PASS [   0.013s] ( 563/2083) api-server routes::admin::calendar::tests::availability_slots_sql_adds_tenant_filter_when_scoped
        PASS [   0.012s] ( 564/2083) api-server routes::admin::calendar::tests::calendar_events_sql_adds_tenant_filter_when_scoped
        PASS [   2.387s] ( 565/2083) api-server routes::admin::calendar::tests::adversarial_tests::calendar_rejects_customer_tenants_before_the_handler
        PASS [   2.582s] ( 566/2083) api-server routes::admin::calendar::tests::adversarial_tests::calendar_lists_events_and_slots_for_the_system_operator
        PASS [   2.553s] ( 567/2083) api-server routes::admin::calendar::tests::adversarial_tests::calendar_orders_events_by_start_time_descending
        PASS [   4.820s] ( 568/2083) api-server routes::admin::autopilot::tests::proxy_upstream_failures_are_honest_5xxs
        PASS [   2.400s] ( 569/2083) api-server routes::admin::campaigns::tests::adversarial_tests::campaigns_reject_customer_tenants
        PASS [   2.459s] ( 570/2083) api-server routes::admin::campaigns::tests::adversarial_tests::campaigns_list_without_the_recipients_table_still_reports
        PASS [   0.010s] ( 571/2083) api-server routes::admin::campaigns::tests::campaigns_module_reads_the_canonical_tables_only
        PASS [   2.474s] ( 572/2083) api-server routes::admin::campaigns::tests::adversarial_tests::campaigns_list_joins_the_recipients_table_when_present
        PASS [   0.010s] ( 573/2083) api-server routes::admin::compliance_overview::adversarial_tests::empty_vat_widget_is_all_zeroes_with_the_period_label
        PASS [   2.526s] ( 574/2083) api-server routes::admin::calendar::tests::adversarial_tests::calendar_with_empty_tables_returns_empty_arrays
        PASS [   0.010s] ( 575/2083) api-server routes::admin::compliance_overview::adversarial_tests::gdpr_summary_ignores_unknown_statuses_and_keeps_overdue
        PASS [   2.449s] ( 576/2083) api-server routes::admin::campaigns::tests::adversarial_tests::campaigns_pagination_clamps_hostile_params
        PASS [   0.475s] ( 577/2083) api-server routes::admin::compliance_overview::adversarial_tests::zero_row_overview_reports_zeroes_not_errors
        PASS [   0.009s] ( 578/2083) api-server routes::admin::compliance_overview::tests::summarize_gdpr_request_counts_uses_deadline_based_overdue_total
        PASS [   0.009s] ( 579/2083) api-server routes::admin::compliance_overview::tests::test_all_eu_countries_have_vat_rates
        PASS [   0.614s] ( 580/2083) api-server routes::admin::compliance_overview::adversarial_tests::overview_is_tenant_scoped_for_customers_and_global_for_system
        PASS [   2.241s] ( 581/2083) api-server routes::admin::compliance_overview::tests::f78_sla_deadline_policy_is_calendar_aware_on_canonical_schema
        PASS [   1.761s] ( 582/2083) api-server routes::admin::content::debug_probe::probe_list_content_error
        PASS [   2.270s] ( 583/2083) api-server routes::admin::compliance_overview::tests::f78_overdue_counts_derive_from_timestamps_across_boundaries
        PASS [   2.854s] ( 584/2083) api-server routes::admin::campaigns::tests::adversarial_tests::campaigns_reject_unknown_query_fields
        PASS [   2.528s] ( 585/2083) api-server routes::admin::campaigns::tests::adversarial_tests::campaigns_require_the_wildcard_scope
        PASS [   0.010s] ( 586/2083) api-server routes::admin::content::tests::normalize_filter_discards_blank_values
        PASS [   0.011s] ( 587/2083) api-server routes::admin::content::tests::build_list_content_sql_filters_by_author_and_type
        PASS [   1.971s] ( 588/2083) api-server routes::admin::content::tests::adversarial_tests::content_lists_rows_with_filters_and_pagination
        PASS [   1.976s] ( 589/2083) api-server routes::admin::crm_leads::tests::crm_leads_query_executes_against_the_canonical_schema
        PASS [   2.109s] ( 590/2083) api-server routes::admin::crm_leads::adversarial_tests::crm_leads_list_maps_the_canonical_projection
        PASS [   2.462s] ( 591/2083) api-server routes::admin::content::tests::adversarial_tests::content_requires_the_wildcard_scope
        PASS [   2.496s] ( 592/2083) api-server routes::admin::content::tests::adversarial_tests::content_rejects_customer_tenants
        PASS [   0.010s] ( 593/2083) api-server routes::admin::cross_tenant::adversarial_tests::revenue_normalization_and_cents_conversion_edges
        PASS [   2.502s] ( 594/2083) api-server routes::admin::content::tests::adversarial_tests::content_rejects_unknown_query_fields
        PASS [   0.011s] ( 595/2083) api-server routes::admin::cross_tenant::tests::monthly_revenue_cents_rounds_yearly_half_up
        PASS [   0.011s] ( 596/2083) api-server routes::admin::cross_tenant::tests::plans_response_omits_velocity_without_a_data_source
        PASS [   0.010s] ( 597/2083) api-server routes::admin::dashboard::adversarial_tests::mrr_sql_normalizes_yearly_prices_with_rounding
        PASS [   2.334s] ( 598/2083) api-server routes::admin::crm_leads::adversarial_tests::crm_leads_empty_and_gates
        PASS [   0.013s] ( 599/2083) api-server routes::admin::dashboard::tests::dashboard_cache_ttl_stays_short
        PASS [   0.011s] ( 600/2083) api-server routes::admin::dashboard::tests::dashboard_subscription_mrr_sql_uses_plan_prices
        PASS [   0.012s] ( 601/2083) api-server routes::admin::dashboard::tests::invalidate_dashboard_cache_clears_cached_value
        PASS [   0.527s] ( 602/2083) api-server routes::admin::cross_tenant::adversarial_tests::health_aggregates_seeded_sends_bounces_and_rates
        PASS [   0.603s] ( 603/2083) api-server routes::admin::cross_tenant::adversarial_tests::growth_reports_seeded_signups_emails_churn_and_revenue
        PASS [   0.444s] ( 604/2083) api-server routes::admin::cross_tenant::adversarial_tests::plans_aggregate_active_subscriptions_and_yearly_revenue
        PASS [   0.508s] ( 605/2083) api-server routes::admin::dashboard::adversarial_tests::unreadable_count_queries_degrade_to_zero
        PASS [   0.557s] ( 606/2083) api-server routes::admin::dashboard::adversarial_tests::stats_aggregate_seeded_platform_rows_and_are_gated
        PASS [   0.010s] ( 607/2083) api-server routes::admin::delivery_analytics::tests::latency_stats_from_row
        PASS [   0.009s] ( 608/2083) api-server routes::admin::delivery_analytics::tests::parse_range_interval_defaults_to_seven_days
        PASS [   0.010s] ( 609/2083) api-server routes::admin::delivery_analytics::tests::parse_range_interval_maps_correctly
        PASS [   0.011s] ( 610/2083) api-server routes::admin::delivery_analytics::tests::provider_stats_zero_denominator_is_absent_not_zero
        PASS [   0.012s] ( 611/2083) api-server routes::admin::delivery_analytics::tests::rates_documented_as_fractions
        PASS [   2.203s] ( 612/2083) api-server routes::admin::delivery_analytics::tests::transport_breakdown_counts_distinct_messages_per_transport
        PASS [   0.011s] ( 613/2083) api-server routes::admin::domains::adversarial_tests::dkim_rebind_requires_complete_material
        PASS [   0.009s] ( 614/2083) api-server routes::admin::domains::adversarial_tests::dmarc_detection_is_case_and_whitespace_tolerant_but_precise
        PASS [   0.008s] ( 615/2083) api-server routes::admin::domains::adversarial_tests::suggestion_requires_unverified_owner_plus_proven_dns_control
        PASS [   2.669s] ( 616/2083) api-server routes::admin::delivery_analytics::adversarial_tests::delivery_analytics_gates
        PASS [   0.011s] ( 617/2083) api-server routes::admin::domains::adversarial_tests::transfer_request_deserialization_is_strict
        PASS [   0.389s] ( 618/2083) api-server routes::admin::domains::adversarial_tests::transfer_rejects_missing_domain_and_wrong_confirmation
        PASS [   2.830s] ( 619/2083) api-server routes::admin::delivery_analytics::adversarial_tests::latency_percentiles_and_transport_grouping
        PASS [   0.011s] ( 620/2083) api-server routes::admin::domains::adversarial_tests::typed_confirmation_is_exact
        PASS [   2.752s] ( 621/2083) api-server routes::admin::delivery_analytics::adversarial_tests::provider_breakdown_and_queue_health
        PASS [   2.895s] ( 622/2083) api-server routes::admin::delivery_analytics::adversarial_tests::delivery_analytics_reports_cohort_rates_by_transport_and_queue_depth
        PASS [   3.199s] ( 623/2083) api-server routes::admin::delivery_analytics::adversarial_tests::delivery_analytics_empty_window_reports_null_rates
        PASS [   2.485s] ( 624/2083) api-server routes::admin::domains::adversarial_tests::transfer_success_conflict_and_quota_paths
        PASS [   0.011s] ( 625/2083) api-server routes::admin::domains::tests::dmarc_detection_matches_version_tag_case_insensitively
        PASS [   2.930s] ( 626/2083) api-server routes::admin::domains::coverage_residual_tests::transfer_suggestion_refuses_bad_requests_and_verified_owners
        PASS [   0.012s] ( 627/2083) api-server routes::admin::domains::tests::suggestion_requires_unverified_owner_and_proven_dns_control
        PASS [   0.014s] ( 628/2083) api-server routes::admin::domains::tests::typed_confirmation_is_the_domain_name
        PASS [   3.324s] ( 629/2083) api-server routes::admin::domains::coverage_residual_tests::dns_probe_evidence_matrix_classifies_every_arm
        PASS [   0.011s] ( 630/2083) api-server routes::admin::features::tests::batch_update_statement_is_coalesced_and_returns_the_id
        PASS [   0.011s] ( 631/2083) api-server routes::admin::features::tests::build_list_feature_overrides_sql_paginates_results
        PASS [   0.011s] ( 632/2083) api-server routes::admin::features::tests::build_list_features_sql_paginates_results
        PASS [   3.369s] ( 633/2083) api-server routes::admin::domains::tests::admin_transfer_moves_the_domain_and_resets_verification
        PASS [   3.444s] ( 634/2083) api-server routes::admin::domains::coverage_residual_tests::transfer_succeeds_when_the_cache_is_unreachable
        PASS [   0.011s] ( 635/2083) api-server routes::admin::features::tests::normalize_feature_updates_accepts_batch_payloads
        PASS [   4.138s] ( 636/2083) api-server routes::admin::domains::coverage_residual_tests::transfer_carries_encrypted_dkim_material_between_tenants
        PASS [   2.222s] ( 637/2083) api-server routes::admin::domains::tests::rebind_requires_complete_material
        PASS [   1.875s] ( 638/2083) api-server routes::admin::features::tests::update_feature_refuses_an_empty_batch
        PASS [   0.017s] ( 639/2083) api-server routes::admin::gdpr::adversarial_tests::audit_metadata_distinguishes_blank_from_present_evidence
        PASS [   1.973s] ( 640/2083) api-server routes::admin::features::tests::list_features_returns_flags_and_overrides
        PASS [   2.447s] ( 641/2083) api-server routes::admin::features::tests::batch_update_rolls_back_on_a_missing_id
        PASS [   2.102s] ( 642/2083) api-server routes::admin::features::tests::create_feature_persists_audits_and_validates
        PASS [   1.342s] ( 643/2083) api-server routes::admin::features::tests::update_feature_success_commits_invalidates_and_audits
        PASS [  60.224s] ( 644/2083) api-server middleware::auth::adversarial_tests::wave_d::redis_outage_maps_each_lookup_to_its_documented_failure
        PASS [   1.437s] ( 645/2083) api-server routes::admin::gdpr::adversarial_tests::list_returns_empty_when_the_store_table_is_missing
        PASS [   2.398s] ( 646/2083) api-server routes::admin::gdpr::adversarial_tests::list_refuses_operator_without_wildcard_scope
        PASS [   3.356s] ( 647/2083) api-server routes::admin::features::tests::update_of_missing_flag_returns_not_found
        PASS [   2.470s] ( 648/2083) api-server routes::admin::gdpr::adversarial_tests::list_reports_empty_dataset_for_system_operator_on_fresh_schema
        PASS [   2.331s] ( 649/2083) api-server routes::admin::gdpr::adversarial_tests::system_operator_sees_all_tenants_tenant_operator_sees_only_own
        PASS [   2.680s] ( 650/2083) api-server routes::admin::gdpr::adversarial_tests::completion_writes_actor_attributed_audit_entry
        PASS [   0.011s] ( 651/2083) api-server routes::admin::growth_analytics::tests::activation_fields_are_named_milestones_not_funnel
        PASS [   0.014s] ( 652/2083) api-server routes::admin::growth_analytics::tests::activation_milestones_are_independent_not_nested
        PASS [   0.014s] ( 653/2083) api-server routes::admin::growth_analytics::tests::active_tenant_ratio_handles_zero_30d_population
        PASS [   2.760s] ( 654/2083) api-server routes::admin::gdpr::adversarial_tests::completion_requires_evidence_and_export_artifact
        PASS [   0.013s] ( 655/2083) api-server routes::admin::growth_analytics::tests::avg_trial_to_paid_prefers_actual_payment_with_documented_fallback
        PASS [   2.279s] ( 656/2083) api-server routes::admin::growth_analytics::tests::churn_cohort_excludes_new_customers_and_stays_bounded
        PASS [   2.295s] ( 657/2083) api-server routes::admin::growth_analytics::tests::avg_time_to_first_send_matches_exact_expectation
        PASS [   0.012s] ( 658/2083) api-server routes::admin::growth_analytics::tests::churn_sql_counts_members_of_the_starting_cohort_only
        PASS [   3.696s] ( 659/2083) api-server routes::admin::gdpr::adversarial_tests::update_refuses_cross_tenant_request_with_404
        PASS [   0.012s] ( 660/2083) api-server routes::admin::growth_analytics::tests::engagement_metrics_are_labelled_tenants_not_users
        PASS [   0.013s] ( 661/2083) api-server routes::admin::growth_analytics::tests::first_send_aggregate_is_not_nested
        PASS [   0.012s] ( 662/2083) api-server routes::admin::growth_analytics::tests::old_mixed_population_churn_could_go_negative_new_cohort_cannot
        PASS [   0.012s] ( 663/2083) api-server routes::admin::growth_analytics::tests::parse_period_days_defaults_to_thirty
        PASS [   0.012s] ( 664/2083) api-server routes::admin::growth_analytics::tests::parse_period_days_maps_correctly
        PASS [   2.759s] ( 665/2083) api-server routes::admin::growth_analytics::adversarial_tests::growth_gates_require_the_wildcard_scope
        PASS [   0.013s] ( 666/2083) api-server routes::admin::growth_analytics::tests::trial_converted_sql_is_not_self_negating
        PASS [   0.011s] ( 667/2083) api-server routes::admin::growth_analytics::tests::trial_denominator_is_ended_trials_only
        PASS [   0.011s] ( 668/2083) api-server routes::admin::growth_analytics::tests::trial_sql_reads_stripe_subscriptions_with_period_semantics
        PASS [   0.011s] ( 669/2083) api-server routes::admin::growth_analytics::tests::zero_denominator_percentages_are_absent_not_zero
        PASS [   2.786s] ( 670/2083) api-server routes::admin::growth_analytics::adversarial_tests::growth_subresources_answer_with_honest_empty_states
        PASS [   2.942s] ( 671/2083) api-server routes::admin::gdpr::adversarial_tests::update_rejects_unknown_status_and_unknown_request
        PASS [   2.942s] ( 672/2083) api-server routes::admin::growth_analytics::adversarial_tests::growth_analytics_reports_signups_engagement_and_null_rates_when_empty
        PASS [   3.142s] ( 673/2083) api-server routes::admin::growth_analytics::tests::db_failure_is_not_zero_customers
        PASS [   3.142s] ( 674/2083) api-server routes::admin::growth_analytics::tests::empty_population_is_available_none_not_failure
        PASS [   0.011s] ( 675/2083) api-server routes::admin::inbox::tests::build_inbox_audit_metadata_only_contains_mutated_fields
        PASS [   0.010s] ( 676/2083) api-server routes::admin::inbox::tests::build_list_inbox_sql_allows_system_admins
        PASS [   2.936s] ( 677/2083) api-server routes::admin::growth_analytics::tests::trial_conversion_denominator_is_ended_trials_only
        PASS [   0.010s] ( 678/2083) api-server routes::admin::inbox::tests::build_list_inbox_sql_scopes_non_system_tenants
        PASS [   0.011s] ( 679/2083) api-server routes::admin::inbox::tests::build_update_inbox_sql_scopes_non_system_tenants
        PASS [   0.011s] ( 680/2083) api-server routes::admin::insights::adversarial_tests::lookback_parsing_and_change_math_boundaries
        PASS [   3.030s] ( 681/2083) api-server routes::admin::inbox::adversarial_tests::inbox_requires_the_wildcard_scope
        PASS [   3.131s] ( 682/2083) api-server routes::admin::inbox::adversarial_tests::inbox_lists_and_filters_for_the_system_operator
        PASS [   3.139s] ( 683/2083) api-server routes::admin::inbox::adversarial_tests::inbox_update_mutates_only_the_named_fields_and_audits
        PASS [   0.575s] ( 684/2083) api-server routes::admin::insights::adversarial_tests::insights_require_wildcard_scope_and_return_stable_shape
        PASS [   0.750s] ( 685/2083) api-server routes::admin::insights::adversarial_tests::queue_and_volume_trends_compute_over_seeded_days
        PASS [   0.619s] ( 686/2083) api-server routes::admin::insights::adversarial_tests::seeded_signups_trials_and_failures_drive_insights_and_recommendations
        PASS [  30.221s] ( 687/2083) api-server routes::admin::autopilot::tests::mutating_control_fails_closed_when_the_service_is_unconfigured
        PASS [   5.310s] ( 688/2083) api-server routes::admin::inbox::adversarial_tests::inbox_customer_sessions_are_scoped_to_their_tenant
        PASS [   1.738s] ( 689/2083) api-server routes::admin::insights::router_adversarial_tests::insights_require_the_wildcard_scope
        PASS [   0.011s] ( 690/2083) api-server routes::admin::insights::tests::calc_change_down
        PASS [   0.011s] ( 691/2083) api-server routes::admin::insights::tests::calc_change_flat
        PASS [   3.126s] ( 692/2083) api-server routes::admin::inbox::adversarial_tests::inbox_update_refuses_empty_and_unknown_and_missing_bodies
        PASS [   0.011s] ( 693/2083) api-server routes::admin::insights::tests::calc_change_up
        PASS [   0.011s] ( 694/2083) api-server routes::admin::insights::tests::calc_change_zero_both
        PASS [   0.011s] ( 695/2083) api-server routes::admin::insights::tests::parse_lookback_defaults
        PASS [   0.011s] ( 696/2083) api-server routes::admin::insights::tests::calc_change_zero_previous
        PASS [   0.012s] ( 697/2083) api-server routes::admin::insights::tests::unverified_domains_recommendation_fires_for_seeded_unverified_domain
        PASS [   0.012s] ( 698/2083) api-server routes::admin::insights::tests::unverified_domains_sql_reads_real_verified_column
        PASS [   2.532s] ( 699/2083) api-server routes::admin::insights::router_adversarial_tests::insights_below_threshold_and_empty_states_are_honest
        PASS [   2.664s] ( 700/2083) api-server routes::admin::insights::coverage_residual_tests::upward_queue_and_volume_trends_fire_with_high_confidence
        PASS [   3.093s] ( 701/2083) api-server routes::admin::insights::coverage_residual_tests::downward_queue_and_volume_trends_fire_with_medium_confidence
        PASS [   3.444s] ( 702/2083) api-server routes::admin::insights::coverage_residual_tests::decreasing_periods_fire_every_downward_arm
        PASS [   3.402s] ( 703/2083) api-server routes::admin::insights::coverage_residual_tests::improving_periods_fire_positive_and_critical_arms
        PASS [   0.010s] ( 704/2083) api-server routes::admin::mailboxes::tests::validation_bounds_are_enforced
        PASS [   2.555s] ( 705/2083) api-server routes::admin::insights::tests::sent_volume_by_day_counts_send_cohort_rows
        PASS [   2.238s] ( 706/2083) api-server routes::admin::leads_discovery::tests::discovery_query_executes_against_the_canonical_schema
        PASS [   3.344s] ( 707/2083) api-server routes::admin::insights::router_adversarial_tests::insights_surface_delivery_change_and_recommendations
        PASS [   2.475s] ( 708/2083) api-server routes::admin::leads_discovery::adversarial_tests::discovery_with_no_leads_is_an_empty_report
        PASS [   1.930s] ( 709/2083) api-server routes::admin::operators::adversarial_tests::operator_create_validation_refusals
        PASS [   2.808s] ( 710/2083) api-server routes::admin::leads_discovery::adversarial_tests::discovery_reports_sources_and_leads_for_the_operator
        PASS [   2.583s] ( 711/2083) api-server routes::admin::leads_discovery::adversarial_tests::discovery_requires_the_wildcard_scope_and_system_tenant
        PASS [   0.012s] ( 712/2083) api-server routes::admin::operators::tests::operator_emails_are_normalized_before_validation
        PASS [   0.010s] ( 713/2083) api-server routes::admin::operators::tests::plausible_email_accepts_normal_addresses
        PASS [   0.010s] ( 714/2083) api-server routes::admin::operators::tests::plausible_email_rejects_malformed_addresses
        PASS [   0.010s] ( 715/2083) api-server routes::admin::predictive_analytics::tests::capacity_projection_stays_positive
        PASS [   0.010s] ( 716/2083) api-server routes::admin::predictive_analytics::tests::classify_risk_critical_for_long_inactive_with_subscription
        PASS [   0.010s] ( 717/2083) api-server routes::admin::predictive_analytics::tests::capacity_utilization_computes_against_configured_backlog
        PASS [   0.010s] ( 718/2083) api-server routes::admin::predictive_analytics::tests::classify_risk_high_for_medium_inactive_with_bounces
        PASS [   0.010s] ( 719/2083) api-server routes::admin::predictive_analytics::tests::classify_risk_high_for_paying_customer_inactive_40d
        PASS [   0.010s] ( 720/2083) api-server routes::admin::predictive_analytics::tests::classify_risk_medium_for_two_weeks
        PASS [   0.010s] ( 721/2083) api-server routes::admin::predictive_analytics::tests::classify_risk_low_for_recent_activity
        PASS [   0.011s] ( 722/2083) api-server routes::admin::predictive_analytics::tests::configured_queue_capacity_rejects_unusable_env_values
        PASS [   0.011s] ( 723/2083) api-server routes::admin::predictive_analytics::tests::configured_queue_capacity_uses_env_and_positive_default
        PASS [   0.010s] ( 724/2083) api-server routes::admin::predictive_analytics::tests::days_until_capacity_limit_only_fires_when_backlog_full
        PASS [   0.010s] ( 725/2083) api-server routes::admin::predictive_analytics::tests::fixed_horizons_are_documented_and_not_client_selectable
        PASS [   2.298s] ( 726/2083) api-server routes::admin::mailboxes::tests::provisioning_is_atomic_account_plus_inbox_and_conflicts_are_honest
        PASS [   0.009s] ( 727/2083) api-server routes::admin::predictive_analytics::tests::heuristic_method_label_says_no_trained_model
        PASS [   2.533s] ( 728/2083) api-server routes::admin::operators::adversarial_tests::operators_require_system_tenant_and_wildcard_scope
        PASS [   2.416s] ( 729/2083) api-server routes::admin::operators::outage_tests::operator_delete_failure_maps_to_internal
        PASS [   2.432s] ( 730/2083) api-server routes::admin::predictive_analytics::tests::predictive_endpoints_refuse_a_non_wildcard_key
        PASS [   2.797s] ( 731/2083) api-server routes::admin::operators::adversarial_tests::operator_delete_guards_self_last_owner_and_foreign_ids
        PASS [   0.010s] ( 732/2083) api-server routes::admin::predictive_analytics::tests::volume_variability_band_is_observed_and_not_a_confidence_interval
        PASS [   0.010s] ( 733/2083) api-server routes::admin::proxy::adversarial_tests::audit_metadata_never_contains_caller_supplied_credentials
        PASS [   2.498s] ( 734/2083) api-server routes::admin::predictive_analytics::tests::predictive_endpoints_are_honest_on_an_empty_database
        PASS [   0.011s] ( 735/2083) api-server routes::admin::proxy::adversarial_tests::get_is_explicitly_unsupported
        PASS [   2.570s] ( 736/2083) api-server routes::admin::predictive_analytics::tests::predictive_anomalies_fire_on_real_thresholds
        PASS [   2.890s] ( 737/2083) api-server routes::admin::operators::outage_tests::operator_insert_failure_maps_to_internal_and_duplicate_to_conflict
        PASS [   0.378s] ( 738/2083) api-server routes::admin::proxy::adversarial_tests::empty_allowlist_disables_proxying_entirely
        PASS [   3.172s] ( 739/2083) api-server routes::admin::operators::adversarial_tests::operator_lifecycle_create_list_delete_with_audits
        PASS [   0.009s] ( 740/2083) api-server routes::admin::proxy::passthrough_tests::embedded_ipv4_forms_are_inspected
        PASS [   0.410s] ( 741/2083) api-server routes::admin::proxy::adversarial_tests::invalid_urls_are_refused_before_any_network
        PASS [   0.435s] ( 742/2083) api-server routes::admin::proxy::adversarial_tests::scope_less_callers_are_refused
        PASS [   0.337s] ( 743/2083) api-server routes::admin::proxy::adversarial_tests::ssrf_and_allowlist_guards_block_literal_private_targets
        PASS [   0.361s] ( 744/2083) api-server routes::admin::proxy::adversarial_tests::unsupported_methods_are_refused_after_ssrf_validation
        PASS [   2.682s] ( 745/2083) api-server routes::admin::predictive_analytics::tests::send_volume_and_bounce_rate_are_distinct_message_based
        PASS [   2.071s] ( 746/2083) api-server routes::admin::proxy::passthrough_tests::production_refuses_plain_http_targets
        PASS [   2.151s] ( 747/2083) api-server routes::admin::proxy::passthrough_tests::pass_through_refuses_bad_methods_and_dead_targets
        PASS [   2.420s] ( 748/2083) api-server routes::admin::proxy::passthrough_tests::hosts_outside_the_allowlist_are_refused
        PASS [   0.014s] ( 749/2083) api-server routes::admin::proxy::passthrough_tests::resolve_host_reads_the_hosts_file_and_fails_honestly
        PASS [   0.012s] ( 750/2083) api-server routes::admin::proxy::tests::any_private_answer_rejects_the_whole_resolution
        PASS [   0.011s] ( 751/2083) api-server routes::admin::proxy::tests::private_coverage_includes_metadata_and_mapped_forms
        PASS [   0.011s] ( 752/2083) api-server routes::admin::revenue::adversarial_tests::audit_spend_sql_uses_the_validated_column
        PASS [   0.011s] ( 753/2083) api-server routes::admin::revenue::adversarial_tests::cac_is_omitted_without_spend_or_new_customers
        PASS [   0.010s] ( 754/2083) api-server routes::admin::revenue::adversarial_tests::dynamic_column_allowlist_refuses_injection_shaped_input
        PASS [   0.011s] ( 755/2083) api-server routes::admin::revenue::adversarial_tests::money_math_is_round_half_up_and_zero_safe
        PASS [   0.012s] ( 756/2083) api-server routes::admin::revenue::adversarial_tests::month_boundaries_roll_over_and_stay_ordered
        PASS [   0.011s] ( 757/2083) api-server routes::admin::revenue::adversarial_tests::subscription_status_and_interval_helpers_are_exact
        PASS [   0.011s] ( 758/2083) api-server routes::admin::revenue::tests::revenue_audit_log_spend_sql_reads_known_spend_metadata_keys
        PASS [   0.010s] ( 759/2083) api-server routes::admin::revenue::tests::revenue_calculate_cac_requires_real_spend_data
        PASS [   0.011s] ( 760/2083) api-server routes::admin::revenue::tests::revenue_calculate_ltv_uses_arpa_over_churn
        PASS [   0.010s] ( 761/2083) api-server routes::admin::revenue::tests::revenue_monthly_price_cents_supports_interval_aliases
        PASS [   0.011s] ( 762/2083) api-server routes::admin::revenue::tests::revenue_subscription_sql_reads_stripe_subscriptions
        PASS [   0.011s] ( 763/2083) api-server routes::admin::revenue::tests::revenue_yearly_rounding_is_round_half_up
        PASS [   0.011s] ( 764/2083) api-server routes::admin::risk::adversarial_tests::metrics_with_zero_sends_never_divide_by_zero
        PASS [   2.428s] ( 765/2083) api-server routes::admin::proxy::passthrough_tests::pass_through_maps_text_and_refuses_redirects
        PASS [   0.011s] ( 766/2083) api-server routes::admin::risk::adversarial_tests::risk_score_bands_and_levels_are_monotone_and_capped
        PASS [   0.011s] ( 767/2083) api-server routes::admin::risk::adversarial_tests::sql_builder_degrades_gracefully_without_optional_tables
        PASS [   0.011s] ( 768/2083) api-server routes::admin::risk::adversarial_tests::threshold_deserialization_is_strict
        PASS [   2.567s] ( 769/2083) api-server routes::admin::proxy::passthrough_tests::pass_through_forwards_methods_headers_bodies_and_maps_back
        PASS [   0.010s] ( 770/2083) api-server routes::admin::risk::tests::build_assessment_alerts_emits_warning_and_critical_breaches
        PASS [   0.010s] ( 771/2083) api-server routes::admin::risk::tests::build_risk_audit_entry_for_run_assessment_is_global
        PASS [   0.009s] ( 772/2083) api-server routes::admin::risk::tests::build_risk_audit_entry_for_set_limit_includes_target_and_value
        PASS [   0.010s] ( 773/2083) api-server routes::admin::risk::tests::compute_risk_score_uses_threshold_bands
        PASS [   0.009s] ( 774/2083) api-server routes::admin::risk::tests::queued_risk_assessment_response_reports_background_job
        PASS [   0.009s] ( 775/2083) api-server routes::admin::sales::adversarial_handler_tests::base_url_and_payload_helpers_are_exact
        PASS [   3.312s] ( 776/2083) api-server routes::admin::predictive_analytics::tests::predictive_volume_projection_and_churn_are_deterministic
        PASS [   3.495s] ( 777/2083) api-server routes::admin::predictive_analytics::tests::predictive_queue_backlog_thresholds_use_the_configured_capacity
        PASS [   0.010s] ( 778/2083) api-server routes::admin::sales::adversarial_handler_tests::canonical_status_labels_and_destinations_are_total
        PASS [   0.480s] ( 779/2083) api-server routes::admin::risk::adversarial_tests::unknown_mutation_keys_and_actions_are_refused
        PASS [   0.413s] ( 780/2083) api-server routes::admin::sales::adversarial_handler_tests::base_url_normalization_and_unconfigured_refusal
        PASS [   0.681s] ( 781/2083) api-server routes::admin::revenue::adversarial_tests::revenue_response_aggregates_seeded_subscriptions_and_omits_fabrications
        PASS [   0.779s] ( 782/2083) api-server routes::admin::risk::adversarial_tests::risk_listing_and_mutations_round_trip_against_the_database
        PASS [   0.618s] ( 783/2083) api-server routes::admin::sales::adversarial_handler_tests::campaigns_proxy_verbatim_when_configured_and_fall_back_canonically_otherwise
        PASS [   0.462s] ( 784/2083) api-server routes::admin::sales::adversarial_handler_tests::customer_wildcard_key_is_forbidden_from_the_sales_control_plane
        PASS [   0.492s] ( 785/2083) api-server routes::admin::sales::adversarial_handler_tests::discovery_imports_filtered_enriched_companies_exactly_once
        PASS [   0.487s] ( 786/2083) api-server routes::admin::sales::adversarial_handler_tests::discovery_requires_sources_and_proxies_commands_when_configured
        PASS [   0.540s] ( 787/2083) api-server routes::admin::sales::adversarial_handler_tests::enrich_leads_fails_honestly_when_the_engine_is_unconfigured
        PASS [   0.388s] ( 788/2083) api-server routes::admin::sales::adversarial_handler_tests::enrich_leads_validates_the_id_set_before_touching_the_engine
        PASS [   0.513s] ( 789/2083) api-server routes::admin::sales::adversarial_handler_tests::enrich_leads_proxies_each_attributable_lead_and_reports_skips
        PASS [   0.562s] ( 790/2083) api-server routes::admin::sales::adversarial_handler_tests::list_leads_is_tenant_scoped_and_applies_filters_and_clamps
        PASS [   0.016s] ( 791/2083) api-server routes::admin::sales::adversarial_handler_tests::status_write_errors_have_operator_safe_display
        PASS [   0.427s] ( 792/2083) api-server routes::admin::sales::adversarial_handler_tests::outreach_rate_limit_window_counts_and_blocks
        PASS [   0.438s] ( 793/2083) api-server routes::admin::sales::adversarial_handler_tests::outreach_proxies_the_enrollment_command_and_fails_closed_unconfigured
        PASS [   0.009s] ( 794/2083) api-server routes::admin::sales::adversarial_handler_tests::upstream_response_forwards_status_and_content_type_verbatim
        PASS [   0.484s] ( 795/2083) api-server routes::admin::sales::adversarial_handler_tests::outreach_refuses_with_the_named_reason_when_the_execution_plane_is_unconfigured
        PASS [   0.431s] ( 796/2083) api-server routes::admin::sales::adversarial_handler_tests::settings_round_trip_through_the_control_plane
        PASS [   0.431s] ( 797/2083) api-server routes::admin::sales::adversarial_handler_tests::update_leads_handler_applies_canonical_status_and_refuses_illegal_ones
        PASS [   0.468s] ( 798/2083) api-server routes::admin::sales::adversarial_handler_tests::update_leads_handler_writes_projection_audit_and_refuses_cross_tenant
        PASS [   1.732s] ( 799/2083) api-server routes::admin::sales::adversarial_handler_tests::read_handlers_degrade_honestly_when_storage_is_unavailable
        PASS [   0.012s] ( 800/2083) api-server routes::admin::sales::tests::build_outreach_rate_limit_key_scopes_by_tenant
        PASS [   1.494s] ( 801/2083) api-server routes::admin::sales::coverage_residual_tests::lead_status_write_refuses_unknown_ids_and_db_failures
        PASS [   1.583s] ( 802/2083) api-server routes::admin::sales::coverage_residual_tests::lead_status_write_refuses_missing_and_dead_canonical_links
        PASS [   0.010s] ( 803/2083) api-server routes::admin::sales::tests::canonical_status_vocabulary_maps_to_the_read_derivation
        PASS [   0.299s] ( 804/2083) api-server routes::admin::sales::tests::bulk_update_mixing_valid_and_invalid_ids_writes_nothing
        PASS [   0.015s] ( 805/2083) api-server routes::admin::sales::tests::cp_production_paths_never_write_the_sales_leads_view
        PASS [   1.403s] ( 806/2083) api-server routes::admin::sales::coverage_residual_tests::truncated_engine_response_is_an_honest_503
        PASS [   0.185s] ( 807/2083) api-server routes::admin::sales::tests::canonical_lead_read_is_parity_with_the_legacy_read_on_identity
        PASS [   0.260s] ( 808/2083) api-server routes::admin::sales::tests::contact_identity_updates_are_written_canonically_not_to_the_bridge
        PASS [   0.011s] ( 809/2083) api-server routes::admin::sales::tests::outreach_request_deserializes_the_canonical_camel_case_contract
        PASS [   3.757s] ( 810/2083) api-server routes::admin::proxy::passthrough_tests::proxy_audit_helper_records_the_row
        PASS [   0.011s] ( 811/2083) api-server routes::admin::sales::tests::sales_module_has_no_runtime_ddl_or_retired_tables
        PASS [   2.000s] ( 812/2083) api-server routes::admin::sales::coverage_residual_tests::enrich_skips_leads_without_identity
        PASS [   3.536s] ( 813/2083) api-server routes::admin::risk::adversarial_tests::resolve_flag_acknowledges_inside_the_isolated_canonical_db
        PASS [   0.011s] ( 814/2083) api-server routes::admin::secrets::adversarial_tests::generated_secret_values_are_unique_hex_and_never_echoed_by_the_type
        PASS [   0.011s] ( 815/2083) api-server routes::admin::secrets::adversarial_tests::rotation_policies_move_next_rotation_or_stay_none
        PASS [   0.010s] ( 816/2083) api-server routes::admin::secrets::adversarial_tests::unknown_fields_are_refused_on_secret_payloads
        PASS [   0.011s] ( 817/2083) api-server routes::admin::secrets::tests::build_list_secrets_sql_paginates_results
        PASS [   0.009s] ( 818/2083) api-server routes::admin::secrets::tests::rotation_offset_matches_policies
        PASS [   0.263s] ( 819/2083) api-server routes::admin::sales::tests::operator_unqualified_decision_is_canonical_and_visible_in_the_cp_read
        PASS [   1.682s] ( 820/2083) api-server routes::admin::sales::coverage_residual_tests::lead_updates_cover_the_contact_email_arms
        PASS [   0.011s] ( 821/2083) api-server routes::admin::sse::adversarial_tests::alert_events_stream_and_advance_the_watermark
        PASS [   0.012s] ( 822/2083) api-server routes::admin::sse::adversarial_tests::alert_poll_failures_degrade_then_close_the_stream
        PASS [   0.223s] ( 823/2083) api-server routes::admin::sales::tests::outreach_rejects_empty_contact_ids
        PASS [   0.221s] ( 824/2083) api-server routes::admin::sales::tests::outreach_rejects_more_than_100_contact_ids
        PASS [   0.221s] ( 825/2083) api-server routes::admin::sales::tests::status_on_a_lead_with_a_deleted_contact_is_rejected_without_partial_write
        PASS [   0.352s] ( 826/2083) api-server routes::admin::sales::tests::unsupported_status_is_rejected_with_the_supported_list_and_writes_nothing
        PASS [   0.339s] ( 827/2083) api-server routes::admin::sse::adversarial_tests::dashboard_stream_degrades_to_comments_and_closes_after_repeated_failures
        PASS [   0.657s] ( 828/2083) api-server routes::admin::secrets::adversarial_tests::create_list_rotate_archive_with_tenant_isolation_and_redaction
        PASS [   2.398s] ( 829/2083) api-server routes::admin::sse::adversarial_tests::new_alerts_query_scopes_by_time_and_maps_fields
        PASS [   2.388s] ( 830/2083) api-server routes::admin::sse::adversarial_tests::snapshot_degrades_honestly_when_optional_tables_are_absent
        PASS [   0.013s] ( 831/2083) api-server routes::admin::sse::tests::alerts_sql_aliases_real_system_alerts_columns
        PASS [   2.761s] ( 832/2083) api-server routes::admin::sse::adversarial_tests::dashboard_snapshot_aggregates_tenants_queue_mrr_and_health
        PASS [   0.012s] ( 833/2083) api-server routes::admin::sse::tests::concurrent_clients_reuse_one_serialized_computation
        PASS [   0.018s] ( 834/2083) api-server routes::admin::sse::tests::alerts_stream_polls_after_backlog_and_stops_at_cap
        PASS [   0.011s] ( 835/2083) api-server routes::admin::sse::tests::failed_computations_are_shared_and_never_fabricate_success
        PASS [   0.011s] ( 836/2083) api-server routes::admin::sse::tests::snapshots_recompute_once_the_ttl_expires
        PASS [   0.010s] ( 837/2083) api-server routes::admin::support::adversarial_tests::optional_text_normalization_trims_and_drops_empty
        PASS [   0.010s] ( 838/2083) api-server routes::admin::support::adversarial_tests::support_post_request_disambiguates_create_and_reply
        PASS [   2.340s] ( 839/2083) api-server routes::admin::sse::adversarial_tests::sse_routes_require_the_wildcard_scope
        PASS [   2.948s] ( 840/2083) api-server routes::admin::sse::adversarial_tests::alerts_sse_replays_the_backlog_immediately
        PASS [   2.974s] ( 841/2083) api-server routes::admin::sse::adversarial_tests::dashboard_sse_answers_with_an_event_stream
        PASS [   0.012s] ( 842/2083) api-server routes::admin::support::tests::support_post_request_deserializes_create_shape
        PASS [   0.011s] ( 843/2083) api-server routes::admin::support::tests::support_post_request_deserializes_reply_shape
        PASS [   0.291s] ( 844/2083) api-server routes::admin::support::tests::add_reply_persists_message_with_database_generated_id
        PASS [   0.011s] ( 845/2083) api-server routes::admin::support_analytics::adversarial_tests::days_parameter_is_clamped_not_trusted
        PASS [   0.361s] ( 846/2083) api-server routes::admin::support::tests::create_support_ticket_persists_ticket
        PASS [   0.013s] ( 847/2083) api-server routes::admin::support_analytics::adversarial_tests::query_rejects_unknown_fields
        PASS [   0.556s] ( 848/2083) api-server routes::admin::support::adversarial_tests::ticket_create_derives_tenant_and_lowercases_priority
        PASS [   0.590s] ( 849/2083) api-server routes::admin::support::adversarial_tests::list_reply_and_update_flow_with_forgery_guards
        PASS [   0.009s] ( 850/2083) api-server routes::admin::system_health::tests::heartbeat_views_report_expected_services_without_rows
        PASS [   3.245s] ( 851/2083) api-server routes::admin::sse::adversarial_tests::two_concurrent_sse_clients_cause_one_platform_snapshot_computation
        PASS [   0.013s] ( 852/2083) api-server routes::admin::system_health::tests::liveness_has_an_explicit_no_heartbeat_state
        PASS [   0.011s] ( 853/2083) api-server routes::admin::system_health::tests::queue_writer_field_is_last_observed_activity_not_heartbeat
        PASS [   0.012s] ( 854/2083) api-server routes::admin::system_health::tests::response_notes_label_activity_heartbeats_and_mta_nodes
        PASS [   3.110s] ( 855/2083) api-server routes::admin::support_analytics::adversarial_tests::customer_wildcard_key_is_refused_by_the_system_tenant_gate
        PASS [   2.900s] ( 856/2083) api-server routes::admin::support_analytics::adversarial_tests::empty_dataset_reports_zeroed_counts_and_absent_average
        PASS [   2.762s] ( 857/2083) api-server routes::admin::system_health::tests::ip_pool_inet_column_serializes_as_dotted_quad
        PASS [   2.786s] ( 858/2083) api-server routes::admin::support_analytics::adversarial_tests::seeded_tickets_drive_every_breakdown_exactly
        PASS [   2.845s] ( 859/2083) api-server routes::admin::support_analytics::adversarial_tests::repeat_call_hits_the_cache_and_new_window_recomputes
        PASS [   7.828s] ( 860/2083) api-server routes::admin::sse::adversarial_tests::dashboard_stream_emits_shared_snapshots_and_closes_at_its_cap
        PASS [   3.129s] ( 861/2083) api-server routes::admin::system_health::tests::service_heartbeats_report_real_process_liveness
        PASS [   3.015s] ( 862/2083) api-server routes::admin::system_sender::adversarial_tests::all_routes_reject_customer_tenants
        PASS [   3.088s] ( 863/2083) api-server routes::admin::system_sender::adversarial_tests::status_before_bootstrap_is_service_unavailable
        PASS [   3.630s] ( 864/2083) api-server routes::admin::system_sender::adversarial_tests::all_routes_require_the_wildcard_scope
        PASS [   0.011s] ( 865/2083) api-server routes::admin::tenants::tests::delete_confirmation_rejects_missing_prefix
        PASS [   0.010s] ( 866/2083) api-server routes::admin::tenants::tests::delete_confirmation_rejects_other_tenant_ids
        PASS [   0.010s] ( 867/2083) api-server routes::admin::tenants::tests::delete_confirmation_requires_exact_tenant_phrase
        PASS [   0.010s] ( 868/2083) api-server routes::admin::tenants::tests::generic_tenant_update_accepts_allowlisted_statuses
        PASS [   0.010s] ( 869/2083) api-server routes::admin::tenants::tests::generic_tenant_update_allows_non_entitlement_fields
        PASS [   0.009s] ( 870/2083) api-server routes::admin::tenants::tests::generic_tenant_update_rejects_entitlement_bearing_plan_field
        PASS [   0.009s] ( 871/2083) api-server routes::admin::tenants::tests::generic_tenant_update_rejects_names_over_the_column_limit
        PASS [   0.009s] ( 872/2083) api-server routes::admin::tenants::tests::generic_tenant_update_rejects_statuses_outside_the_allowlist
        PASS [   0.010s] ( 873/2083) api-server routes::admin::tenants::tests::tenant_deletion_never_targets_evidence_tables
        PASS [   4.590s] ( 874/2083) api-server routes::admin::system_sender::adversarial_tests::verify_with_empty_dns_reports_the_unverified_sender
        PASS [   5.609s] ( 875/2083) api-server routes::admin::system_sender::adversarial_tests::bootstrap_provisions_the_system_sender_and_is_idempotent
        PASS [   0.017s] ( 876/2083) api-server routes::admin::tests::admin_route_files_enforce_wildcard_scope
        PASS [   0.011s] ( 877/2083) api-server routes::admin::tests::declaration_and_scope_guards_flag_violations
        PASS [   0.010s] ( 878/2083) api-server routes::admin::tests::every_admin_route_file_is_declared
        PASS [   2.126s] ( 879/2083) api-server routes::admin::tenants::tests::tenant_lifecycle_actions_are_guarded_transitions
        PASS [   0.012s] ( 880/2083) api-server routes::admin::vat::adversarial_tests::due_date_edges_are_month_end_aware
        PASS [   4.042s] ( 881/2083) api-server routes::admin::tenants::adversarial_tests::tenant_delete_guards_confirmation_hold_retention_and_scopes
        PASS [   2.961s] ( 882/2083) api-server routes::admin::tenants::adversarial_tests::tenant_direct_field_updates_and_refusals
        PASS [   0.012s] ( 883/2083) api-server routes::admin::vat::adversarial_tests::kmd_row_mapping_serializes_every_filing_field
        PASS [   0.010s] ( 884/2083) api-server routes::admin::vat::tests::test_all_eu_countries_have_vat_rates
        PASS [   2.942s] ( 885/2083) api-server routes::admin::tenants::adversarial_tests::tenant_suspend_unsuspend_transition_gates
        PASS [   0.010s] ( 886/2083) api-server routes::admin::vat::tests::test_compute_due_date_december
        PASS [   0.009s] ( 887/2083) api-server routes::admin::vat::tests::test_compute_due_date_january
        PASS [   0.011s] ( 888/2083) api-server routes::admin::vat::tests::test_get_eu_vat_rate_ee
        PASS [   0.011s] ( 889/2083) api-server routes::admin::vat::tests::test_default_limit
        PASS [   0.009s] ( 890/2083) api-server routes::admin::vat::tests::test_is_eu_country
        PASS [   0.009s] ( 891/2083) api-server routes::admin::vat::tests::test_map_kmd_row_basic
        PASS [   0.644s] ( 892/2083) api-server routes::admin::vat::adversarial_tests::current_summary_classifies_seeded_invoice_rates
        PASS [   0.453s] ( 893/2083) api-server routes::admin::vat::adversarial_tests::kmd_reads_are_system_only_and_period_validation_is_honest
        PASS [   0.504s] ( 894/2083) api-server routes::admin::vat::adversarial_tests::kmd_list_latest_and_period_round_trip_with_seeded_returns
        PASS [   3.372s] ( 895/2083) api-server routes::admin::tenants::adversarial_tests::tenants_list_and_paginate
        PASS [   0.133s] ( 896/2083) api-server routes::admin::warmup::tests::warmup_action_returns_not_found_for_missing_pool
        PASS [   0.009s] ( 897/2083) api-server routes::admin::warmup::tests::warmup_routes_document_advisory_only_semantics
        PASS [   0.155s] ( 898/2083) api-server routes::admin::warmup::tests::warmup_action_updates_existing_pool_status
        PASS [  12.903s] ( 899/2083) api-server routes::admin::sse::adversarial_tests::alerts_stream_polls_live_and_closes_at_its_cap
        PASS [   2.695s] ( 900/2083) api-server routes::admin::tenants::tests::update_tenant_whitelists_status_gates_tenant_and_audits
        PASS [   1.968s] ( 901/2083) api-server routes::admin::warmup::adversarial_tests::warmup_lists_the_advisory_plan_with_addresses_and_schedules
        PASS [   0.012s] ( 902/2083) api-server routes::ai_chat::adversarial_tests::citations_projection_strips_internal_retrieval_metadata
        PASS [   2.016s] ( 903/2083) api-server routes::admin::warmup::adversarial_tests::warmup_empty_state_and_pagination_clamps
        PASS [   0.012s] ( 904/2083) api-server routes::ai_chat::session_tests::contact_intent_extraction_is_deterministic
        PASS [   2.370s] ( 905/2083) api-server routes::admin::warmup::adversarial_tests::warmup_action_refusals
        PASS [   2.472s] ( 906/2083) api-server routes::admin::warmup::adversarial_tests::warmup_actions_toggle_status_reset_clears_and_audit
        PASS [   2.577s] ( 907/2083) api-server routes::ai_chat::adversarial_tests::chat_rate_limit_caps_per_user
        PASS [   3.850s] ( 908/2083) api-server routes::ai_chat::session_tests::session_turn_inner_applies_the_per_user_rate_limit
        PASS [   7.097s] ( 909/2083) api-server routes::ai_chat::adversarial_tests::chat_forwards_tenant_context_and_parses_the_answer
        PASS [   6.309s] ( 910/2083) api-server routes::ai_chat::session_tests::expired_sessions_are_pruned_on_the_next_create
        PASS [   6.594s] ( 911/2083) api-server routes::ai_chat::session_tests::contact_intent_message_captures_a_chat_lead_once
        PASS [   7.053s] ( 912/2083) api-server routes::ai_chat::session_tests::session_turn_citations_never_expose_internal_retrieval_metadata
        PASS [   0.578s] ( 913/2083) api-server routes::ai_insights::adversarial_tests::bot_detection_flags_crawlers_prefetch_and_private_ips
        PASS [   2.983s] ( 914/2083) api-server routes::ai_chat::session_tests::session_turn_inner_refuses_a_disabled_capability_without_writing
        PASS [   0.013s] ( 915/2083) api-server routes::ai_insights::adversarial_tests::event_id_validation_matches_the_varchar64_column
        PASS [   0.482s] ( 916/2083) api-server routes::ai_insights::adversarial_tests::churn_prediction_counts_only_unengaged_active_contacts
        PASS [   0.522s] ( 917/2083) api-server routes::ai_insights::adversarial_tests::send_time_uses_history_entitlement_and_cache
        PASS [   0.389s] ( 918/2083) api-server routes::ai_insights::adversarial_tests::subject_analysis_scores_spam_personalization_and_emoji
        PASS [   2.642s] ( 919/2083) api-server routes::ai_chat::session_tests::session_window_returns_the_newest_turns_not_the_oldest
        PASS [   0.012s] ( 920/2083) api-server routes::ai_insights::tests::test_bot_detection_response
        PASS [   0.011s] ( 921/2083) api-server routes::ai_insights::tests::test_event_id_validation
        PASS [   0.011s] ( 922/2083) api-server routes::ai_insights::tests::test_send_time_response_serialisation
        PASS [   0.011s] ( 923/2083) api-server routes::ai_insights::tests::test_subject_analysis_short
        PASS [   0.011s] ( 924/2083) api-server routes::ai_insights::tests::test_subject_spam_detection
        PASS [   3.152s] ( 925/2083) api-server routes::ai_chat::session_tests::session_turns_enforce_the_cap_and_reject_empty_messages
        PASS [   0.014s] ( 926/2083) api-server routes::analytics::adversarial_tests::adversarial_analytics_pure_helper_edges
        PASS [   0.913s] ( 927/2083) api-server routes::ai_insights::bot_detection_db_tests::send_time_lookup_propagates_query_failure
        PASS [   1.181s] ( 928/2083) api-server routes::ai_insights::bot_detection_db_tests::send_time_lookup_crosses_the_uuid_varchar_boundary
        PASS [   4.529s] ( 929/2083) api-server routes::ai_chat::session_tests::session_turn_persists_both_turns_and_reuses_its_own_history
        PASS [  10.100s] ( 930/2083) api-server routes::ai_chat::session_tests::session_reads_and_turns_are_scoped_to_their_owner
        PASS [   1.266s] ( 931/2083) api-server routes::analytics::adversarial_tests::adversarial_analytics_auth_and_scope_contract
        PASS [   1.339s] ( 932/2083) api-server routes::analytics::adversarial_tests::adversarial_dashboard_counts_rates_and_tenant_isolation
        PASS [   1.794s] ( 933/2083) api-server routes::analytics::adversarial_tests::adversarial_engagement_and_deliverability_gate_and_math
        PASS [  14.459s] ( 934/2083) api-server routes::ai_chat::adversarial_tests::chat_history_proxies_the_service
        PASS [  13.788s] ( 935/2083) api-server routes::ai_chat::adversarial_tests::chat_requires_scope_feature_message_and_service
        PASS [   0.013s] ( 936/2083) api-server routes::analytics::tests::test_build_deliverability_response_uses_consistent_denominators
        PASS [   0.012s] ( 937/2083) api-server routes::analytics::tests::test_dashboard_response_rates
        PASS [   0.013s] ( 938/2083) api-server routes::analytics::tests::test_deliverability_response
        PASS [   0.012s] ( 939/2083) api-server routes::analytics::tests::test_escape_csv_prefixes_formula_like_values_without_stripping_content
        PASS [   0.012s] ( 940/2083) api-server routes::analytics::tests::test_export_keys_and_file_names_are_flat_and_deterministic
        PASS [   0.012s] ( 941/2083) api-server routes::analytics::tests::test_resolve_analytics_range_accepts_366_day_range
        PASS [   0.012s] ( 942/2083) api-server routes::analytics::tests::test_resolve_analytics_range_defaults_to_thirty_days
        PASS [   0.012s] ( 943/2083) api-server routes::analytics::tests::test_resolve_analytics_range_floors_from_at_2020
        PASS [   1.498s] ( 944/2083) api-server routes::analytics::adversarial_tests::export_pdf_sends_the_dedicated_per_workload_token
        PASS [   0.012s] ( 945/2083) api-server routes::analytics::tests::test_resolve_analytics_range_rejects_over_wide_range
        PASS [   2.718s] ( 946/2083) api-server routes::analytics::adversarial_tests::adversarial_export_pdf_renderer_contract
        PASS [   0.014s] ( 947/2083) api-server routes::analytics::tests::test_store_export_file_writes_content_with_private_directory
        PASS [   0.013s] ( 948/2083) api-server routes::analytics::tests::test_subject_line_analysis_rejects_empty_subject
        PASS [   0.013s] ( 949/2083) api-server routes::analytics::tests::test_volume_query_for_interval_uses_static_query_fragments
        PASS [   0.013s] ( 950/2083) api-server routes::audit::tests::csv_header_and_rows_agree
        PASS [   0.015s] ( 951/2083) api-server routes::analytics::tests::test_subject_line_analysis_uses_advanced_analytics_crate
        PASS [   0.013s] ( 952/2083) api-server routes::audit::tests::cursor_round_trips_and_rejects_malformed_shapes
        PASS [   2.046s] ( 953/2083) api-server routes::analytics::adversarial_tests::adversarial_volume_interval_buckets
        PASS [   0.012s] ( 954/2083) api-server routes::audit::tests::export_format_and_limit_are_bounded
        PASS [   0.013s] ( 955/2083) api-server routes::audit::tests::export_chunk_sql_is_tenant_scoped_for_every_filter_shape
        PASS [   0.012s] ( 956/2083) api-server routes::audit::tests::list_plan_binds_filters_before_the_keyset_tail
        PASS [   0.012s] ( 957/2083) api-server routes::audit::tests::list_plan_scopes_the_query_to_the_authenticated_tenant
        PASS [   2.335s] ( 958/2083) api-server routes::analytics::adversarial_tests::adversarial_subject_line_validation_contract
        PASS [   0.012s] ( 959/2083) api-server routes::audit::tests::tenant_id_is_not_a_request_parameter
        PASS [   0.011s] ( 960/2083) api-server routes::audit::tests::window_defaults_to_thirty_days_and_rejects_wide_or_inverted_ranges
        PASS [   3.364s] ( 961/2083) api-server routes::analytics::adversarial_tests::adversarial_export_artifact_lifecycle_and_download
        PASS [   3.146s] ( 962/2083) api-server routes::analytics::adversarial_tests::adversarial_export_endpoint_fail_closed_and_job_row
        PASS [   0.166s] ( 963/2083) api-server routes::auth::adversarial_auth_tests::ato_detector_error_fails_open
        PASS [   0.234s] ( 964/2083) api-server routes::auth::adversarial_auth_tests::ato_disabled_login_is_byte_identical_and_writes_no_audit
        PASS [   0.290s] ( 965/2083) api-server routes::auth::adversarial_auth_tests::ato_high_risk_refusal_is_byte_identical_to_wrong_password
        PASS [   0.231s] ( 966/2083) api-server routes::auth::adversarial_auth_tests::ato_medium_risk_flags_unenrolled_and_steps_up_enrolled
        PASS [   1.495s] ( 967/2083) api-server routes::auth::adversarial_auth_tests::login_enforces_status_verification_and_mfa_policies
        PASS [   2.947s] ( 968/2083) api-server routes::audit::tests::list_gates_on_the_plan_entitlement
        PASS [   2.919s] ( 969/2083) api-server routes::audit::tests::list_requires_the_audit_read_scope
        PASS [   2.958s] ( 970/2083) api-server routes::audit::tests::list_is_tenant_scoped_and_honest_about_empty
        PASS [   3.023s] ( 971/2083) api-server routes::audit::tests::cursor_walk_is_stable_with_tied_timestamps
        PASS [   3.028s] ( 972/2083) api-server routes::audit::tests::export_streams_scoped_csv_and_jsonl
        PASS [   3.805s] ( 973/2083) api-server routes::auth::adversarial_auth_tests::login_mfa_challenge_totp_email_and_recovery_paths
        PASS [   2.105s] ( 974/2083) api-server routes::auth::adversarial_auth_tests_2::login_records_the_session_row_and_revocation_deletes_it
        PASS [   3.664s] ( 975/2083) api-server routes::auth::adversarial_auth_tests_2::complete_mfa_challenge_verify_is_single_use_and_accepts_recovery_codes
        PASS [   2.871s] ( 976/2083) api-server routes::auth::adversarial_auth_tests_2::register_rejects_invalid_input_and_never_writes_partial_state
        PASS [   2.146s] ( 977/2083) api-server routes::auth::adversarial_auth_tests_2::verify_email_path_json_and_browser_redirect_forms
        PASS [   6.889s] ( 978/2083) api-server routes::auth::adversarial_auth_tests::login_lockout_and_ip_rate_limit_refuse_before_credentials
        PASS [   0.159s] ( 979/2083) api-server routes::auth::adversarial_auth_tests_3::refresh_records_the_request_user_agent_not_the_response_headers
        PASS [   5.783s] ( 980/2083) api-server routes::auth::adversarial_auth_tests::login_rejects_unknown_email_and_wrong_password_identically
        PASS [   0.157s] ( 981/2083) api-server routes::auth::adversarial_auth_tests_4::mfa_disable_accepts_recovery_code_and_consumes_it
        PASS [   0.154s] ( 982/2083) api-server routes::auth::adversarial_auth_tests_4::mfa_disable_requires_password_and_live_second_factor
        PASS [   0.153s] ( 983/2083) api-server routes::auth::adversarial_auth_tests_4::session_inventory_lists_only_caller_sessions_with_current_marker
        PASS [   0.014s] ( 984/2083) api-server routes::auth::adversarial_auth_units::default_plan_and_static_plan_intent
        PASS [   0.016s] ( 985/2083) api-server routes::auth::adversarial_auth_units::delete_email_mfa_code_removes_the_stored_code
        PASS [   0.012s] ( 986/2083) api-server routes::auth::adversarial_auth_units::display_key_prefix_distinguishes_keys_and_fits_the_column
        PASS [   0.011s] ( 987/2083) api-server routes::auth::adversarial_auth_units::extract_bearer_token_accepts_only_non_empty_bearer_credentials
        PASS [   0.450s] ( 988/2083) api-server routes::auth::adversarial_auth_units::get_current_user_returns_profile_or_api_key_fallback
        PASS [   0.012s] ( 989/2083) api-server routes::auth::adversarial_auth_units::inprocess_totp_replay_claim_is_first_use_only
        PASS [   5.838s] ( 990/2083) api-server routes::auth::adversarial_auth_tests_2::complete_mfa_challenge_setup_kind_enrolls_and_returns_recovery_codes
        PASS [   0.012s] ( 991/2083) api-server routes::auth::adversarial_auth_units::session_and_clear_cookies_flip_the_secure_attribute
        PASS [   0.557s] ( 992/2083) api-server routes::auth::adversarial_auth_units::recovery_code_helper_tolerates_absent_or_empty_hash_lists
        PASS [   0.013s] ( 993/2083) api-server routes::auth::adversarial_auth_units::verify_kiwi_token_disabled_dev_bypass_and_enabled_error_arms
        PASS [   0.364s] ( 994/2083) api-server routes::auth::adversarial_auth_units::verify_email_token_rejects_empty_and_overlong_tokens_before_lookup
        PASS [   0.012s] ( 995/2083) api-server routes::auth::tests::billing_read_is_registered_but_never_role_granted
        PASS [   0.010s] ( 996/2083) api-server routes::auth::tests::client_prefers_html_detects_browser_navigation
        PASS [   0.011s] ( 997/2083) api-server routes::auth::tests::emailed_mfa_code_comparison_is_timing_safe_equality
        PASS [   0.064s] ( 998/2083) api-server routes::auth::tests::argon2_permit_wait_is_bounded_under_saturation
        PASS [   0.026s] ( 999/2083) api-server routes::auth::tests::kiwi_telemetry_rejects_only_when_enforced
        PASS [   0.031s] (1000/2083) api-server routes::auth::tests::kiwi_verify_attempt_cap_allows_then_exceeds_on_live_redis
        PASS [   0.012s] (1001/2083) api-server routes::auth::tests::kiwi_verify_attempt_cap_fails_closed_when_redis_is_down
        PASS [   2.162s] (1002/2083) api-server routes::auth::adversarial_auth_tests_3::refresh_rotates_blacklists_and_rejects_revoked_or_wrong_typ
        PASS [   0.013s] (1003/2083) api-server routes::auth::tests::public_signup_plan_catalog_matches_the_declared_allowlist
        PASS [   0.012s] (1004/2083) api-server routes::auth::tests::public_signup_plan_selection_is_bounded_and_non_entitling
        PASS [   0.012s] (1005/2083) api-server routes::auth::tests::registered_api_key_scopes_covers_role_grants_and_wildcard
        PASS [   0.011s] (1006/2083) api-server routes::auth::tests::restricted_caller_mints_only_own_scopes_and_never_the_wildcard
        PASS [   3.128s] (1007/2083) api-server routes::auth::adversarial_auth_tests_3::api_key_mint_list_revoke_scope_gates_and_ceiling
        PASS [   2.799s] (1008/2083) api-server routes::auth::adversarial_auth_tests_3::change_password_and_revoke_session_contracts
        PASS [   0.012s] (1009/2083) api-server routes::auth::tests::test_api_key_info_serialisation
        PASS [   0.011s] (1010/2083) api-server routes::auth::tests::test_authenticated_user_id_requires_user_session
        PASS [   0.011s] (1011/2083) api-server routes::auth::tests::test_authenticated_user_id_returns_string_identifier_without_conversion
        PASS [   0.010s] (1012/2083) api-server routes::auth::tests::test_base32_encode_matches_known_secret
        PASS [   0.009s] (1013/2083) api-server routes::auth::tests::test_build_mfa_otpauth_url_contains_expected_fields
        PASS [   0.010s] (1014/2083) api-server routes::auth::tests::test_claim_totp_window_inprocess_single_use_per_window
        PASS [   0.010s] (1015/2083) api-server routes::auth::tests::test_clear_login_failures_propagates_redis_errors
        PASS [   0.010s] (1016/2083) api-server routes::auth::tests::test_complete_mfa_challenge_request_aliases
        PASS [   0.009s] (1017/2083) api-server routes::auth::tests::test_complete_mfa_challenge_request_rejects_unknown_fields
        PASS [   0.010s] (1018/2083) api-server routes::auth::tests::test_create_api_key_request_defaults
        PASS [   0.011s] (1019/2083) api-server routes::auth::tests::test_create_api_key_request_rejects_unknown_fields
        PASS [   0.013s] (1020/2083) api-server routes::auth::tests::test_hash_token_is_deterministic
        PASS [   0.011s] (1021/2083) api-server routes::auth::tests::test_issued_before_or_at_revocation_no_revocation
        PASS [   0.011s] (1022/2083) api-server routes::auth::tests::test_issued_before_or_at_revocation_token_issued_after_revocation
        PASS [   0.011s] (1023/2083) api-server routes::auth::tests::test_issued_before_or_at_revocation_token_issued_at_same_time
        PASS [   0.010s] (1024/2083) api-server routes::auth::tests::test_issued_before_or_at_revocation_token_issued_before_revocation
        PASS [   0.021s] (1025/2083) api-server routes::auth::tests::test_kiwi_token_is_single_use_when_redis_available
        PASS [   0.012s] (1026/2083) api-server routes::auth::tests::test_login_failure_key_format
        PASS [   0.011s] (1027/2083) api-server routes::auth::tests::test_login_failure_key_format_does_not_leak_email
        PASS [   0.011s] (1028/2083) api-server routes::auth::tests::test_login_lock_key_format
        PASS [   0.011s] (1029/2083) api-server routes::auth::tests::test_login_lockout_counter_key_format
        PASS [   0.011s] (1030/2083) api-server routes::auth::tests::test_login_lockout_duration_all_escalation_levels
        PASS [   0.011s] (1031/2083) api-server routes::auth::tests::test_login_lockout_duration_escalates_and_caps
        PASS [   0.011s] (1032/2083) api-server routes::auth::tests::test_login_lockout_duration_escalation_edge_cases
        PASS [   0.013s] (1033/2083) api-server routes::auth::tests::test_login_lockout_duration_zero_and_negative
        PASS [   0.011s] (1034/2083) api-server routes::auth::tests::test_login_lockout_functions_use_propagating_error_pattern
        PASS [   0.012s] (1035/2083) api-server routes::auth::tests::test_login_lockout_keys_deterministic
        PASS [   0.012s] (1036/2083) api-server routes::auth::tests::test_login_lockout_keys_different_for_different_users
        PASS [   0.012s] (1037/2083) api-server routes::auth::tests::test_login_lockout_keys_different_key_types_same_identifier
        PASS [   0.011s] (1038/2083) api-server routes::auth::tests::test_login_lockout_keys_do_not_leak_raw_identifier
        PASS [   0.012s] (1039/2083) api-server routes::auth::tests::test_login_lockout_keys_hash_identifiers
        PASS [   0.012s] (1040/2083) api-server routes::auth::tests::test_login_lockout_keys_normalized_unlike_login_failure_key
        PASS [   2.930s] (1041/2083) api-server routes::auth::adversarial_auth_tests_3::reset_password_arms_and_success_consume_token_and_change_hash
        PASS [   0.011s] (1042/2083) api-server routes::auth::tests::test_login_lockout_keys_share_hashed_identifier
        PASS [   0.010s] (1043/2083) api-server routes::auth::tests::test_login_lockout_keys_use_input_as_is
        PASS [   0.010s] (1044/2083) api-server routes::auth::tests::test_login_request_accepts_mfa_code_alias
        PASS [   0.010s] (1045/2083) api-server routes::auth::tests::test_login_request_deserialisation
        PASS [   0.010s] (1046/2083) api-server routes::auth::tests::test_login_request_rejects_unknown_fields
        PASS [   0.009s] (1047/2083) api-server routes::auth::tests::test_mfa_challenge_functions_use_propagating_error_pattern
        PASS [   0.010s] (1048/2083) api-server routes::auth::tests::test_mfa_challenge_key_format
        PASS [   0.009s] (1049/2083) api-server routes::auth::tests::test_mfa_challenge_key_namespaces_tokens
        PASS [   0.009s] (1050/2083) api-server routes::auth::tests::test_mfa_challenge_prefix_constant
        PASS [   0.009s] (1051/2083) api-server routes::auth::tests::test_mfa_totp_replay_key_is_secret_safe_and_window_scoped
        PASS [   0.009s] (1052/2083) api-server routes::auth::tests::test_normalized_login_identifier_trims_and_lowercases
        PASS [   0.031s] (1053/2083) api-server routes::auth::tests::test_record_login_failure_locks_after_failures_from_two_sources
        PASS [   0.011s] (1054/2083) api-server routes::auth::tests::test_register_rate_limit_is_not_tiny_retry_bucket
        PASS [   0.038s] (1055/2083) api-server routes::auth::tests::test_record_login_failure_sets_lock_when_redis_is_available
        PASS [   0.010s] (1056/2083) api-server routes::auth::tests::test_register_response_does_not_leak_verification_token_or_internal_ids
        PASS [   0.010s] (1057/2083) api-server routes::auth::tests::test_reset_password_request_aliases
        PASS [   0.009s] (1058/2083) api-server routes::auth::tests::test_resolve_api_key_expiry_defaults_to_ninety_days
        PASS [   0.010s] (1059/2083) api-server routes::auth::tests::test_reset_password_request_rejects_unknown_fields
        PASS [   0.010s] (1060/2083) api-server routes::auth::tests::test_revoke_user_sessions_propagates_redis_errors
        PASS [   0.010s] (1061/2083) api-server routes::auth::tests::test_resolve_api_key_expiry_rejects_out_of_range_values
        PASS [   0.010s] (1062/2083) api-server routes::auth::tests::test_revoke_user_sessions_uses_tenant_scoped_revocation_key
        PASS [   0.010s] (1063/2083) api-server routes::auth::tests::test_role_requires_mfa_for_admin_and_owner_only
        PASS [   0.009s] (1064/2083) api-server routes::auth::tests::test_session_auth_response_serialisation
        PASS [   0.010s] (1065/2083) api-server routes::auth::tests::test_scopes_for_role_mapping
        PASS [   0.010s] (1066/2083) api-server routes::auth::tests::test_session_issue_time_keeps_later_timestamps
        PASS [   0.009s] (1067/2083) api-server routes::auth::tests::test_session_issue_time_moves_past_revocation_cutoff
        PASS [   0.010s] (1068/2083) api-server routes::auth::tests::test_session_revocation_key_is_tenant_scoped
        PASS [   0.010s] (1069/2083) api-server routes::auth::tests::test_session_revocation_key_isolates_tenants
        PASS [   0.011s] (1070/2083) api-server routes::auth::tests::test_validate_password_strength_follows_nist_length_policy
        PASS [   0.011s] (1071/2083) api-server routes::auth::tests::test_session_revocation_key_isolates_users
        PASS [   0.018s] (1072/2083) api-server routes::auth::tests::test_verify_password_or_log_accepts_bcrypt_hashes
        PASS [   0.010s] (1073/2083) api-server routes::auth::tests::urlencode_component_percent_encodes_reserved_characters
        PASS [   1.470s] (1074/2083) api-server routes::auth::tests::login_lookup_becomes_index_driven_after_migration_106
        PASS [   7.811s] (1075/2083) api-server routes::auth::adversarial_auth_tests_2::mfa_management_init_confirm_status_and_error_arms
        PASS [   0.526s] (1076/2083) api-server routes::auth::tests::test_verify_password_or_log_accepts_argon2_hashes
        PASS [   2.304s] (1077/2083) api-server routes::auth::tests::mint_api_key_enforces_tenant_policy_expiry_and_scopes
        PASS [   0.012s] (1078/2083) api-server routes::auth::tests::wildcard_caller_mints_any_registered_scope
        PASS [   0.012s] (1079/2083) api-server routes::auth::transactional_email_contracts::email_action_links_use_the_https_base
        PASS [   1.063s] (1080/2083) api-server routes::auth::tests::verify_email_token_concurrent_double_use_consumes_exactly_once
        PASS [  10.166s] (1081/2083) api-server routes::auth::adversarial_auth_tests_2::register_duplicate_email_returns_the_same_generic_response
        PASS [   2.771s] (1082/2083) api-server routes::auth::tests::verify_email_token_preserves_administrative_and_billing_holds
        PASS [   2.479s] (1083/2083) api-server routes::auth::tests::verify_email_token_succeeds_consumes_token_and_activates_pending_tenant
        PASS [   2.654s] (1084/2083) api-server routes::auth::tests::verify_email_token_rejects_expired_missing_and_malformed_expiry
        PASS [   0.011s] (1085/2083) api-server routes::automations::adversarial_tests::keyset_cursor_round_trips_and_rejects_malformed_input
        PASS [   0.011s] (1086/2083) api-server routes::automations::tests::automation_send_category_is_explicitly_marketing
        PASS [   0.010s] (1087/2083) api-server routes::automations::tests::test_automation_response_serialisation
        PASS [   0.010s] (1088/2083) api-server routes::automations::tests::test_create_automation_deser
        PASS [   3.900s] (1089/2083) api-server routes::auth::tests::signup_then_login_authenticates_the_new_account
        PASS [   0.475s] (1090/2083) api-server routes::automations::adversarial_tests::crud_flow_is_tenant_scoped_with_honest_errors
        PASS [   0.542s] (1091/2083) api-server routes::automations::adversarial_tests::list_reports_total_and_pages_with_a_real_cursor
        PASS [   4.633s] (1092/2083) api-server routes::auth::tests::signup_persists_uuid_user_and_tenant_rows
        PASS [   2.902s] (1093/2083) api-server routes::auth::transactional_email_contracts::mfa_code_email_carries_shell_metadata_and_single_line_code
        PASS [   2.035s] (1094/2083) api-server routes::bank_statements::adversarial_tests::import_rejects_customer_tenants
        PASS [   1.585s] (1095/2083) api-server routes::bank_statements::adversarial_tests::malformed_rows_are_rejected_with_row_level_details
        PASS [   1.514s] (1096/2083) api-server routes::bank_statements::adversarial_tests::reissued_external_ids_conflict_with_stored_lines
        PASS [   2.471s] (1097/2083) api-server routes::bank_statements::adversarial_tests::import_requires_the_wildcard_scope
        PASS [   2.224s] (1098/2083) api-server routes::bank_statements::adversarial_tests::import_stores_the_statement_and_replay_is_idempotent
        PASS [   2.682s] (1099/2083) api-server routes::bank_statements::adversarial_tests::unknown_account_and_invalid_bodies_map_to_bad_request
        PASS [   5.779s] (1100/2083) api-server routes::auth::transactional_email_contracts::every_transactional_email_has_a_plain_text_alternative
        PASS [   4.211s] (1101/2083) api-server routes::auth::transactional_email_contracts::verification_email_carries_shell_metadata_and_action_link
        PASS [   2.513s] (1102/2083) api-server routes::billing::adversarial_tests::admin_gates_refuse_customer_callers_on_every_handler
        PASS [   2.666s] (1103/2083) api-server routes::billing::adversarial_tests::admin_credit_idempotency_fails_closed_on_every_arm
        PASS [   2.065s] (1104/2083) api-server routes::billing::adversarial_tests::adversarial_admin_dunning_reset_is_restriction_aware
        PASS [   0.010s] (1105/2083) api-server routes::billing::adversarial_tests::adversarial_billing_pure_helper_edges
        PASS [   2.781s] (1106/2083) api-server routes::billing::adversarial_tests::adversarial_admin_create_invoice_validation_and_concurrency
        PASS [   2.399s] (1107/2083) api-server routes::billing::adversarial_tests::adversarial_admin_credit_idempotency_and_currency_guard
        PASS [   3.426s] (1108/2083) api-server routes::billing::adversarial_tests::adversarial_admin_subscription_status_override
        PASS [   2.617s] (1109/2083) api-server routes::billing::adversarial_tests::adversarial_billing_auth_and_admin_gate
        PASS [   2.329s] (1110/2083) api-server routes::billing::adversarial_tests::adversarial_direct_plan_change_and_cancel_are_checkout_gated
        PASS [   3.701s] (1111/2083) api-server routes::billing::adversarial_tests::adversarial_admin_plan_override_is_audited_and_effective
        PASS [   2.667s] (1112/2083) api-server routes::billing::adversarial_tests::adversarial_checkout_and_portal_against_stripe_mock
        PASS [   2.830s] (1113/2083) api-server routes::billing::adversarial_tests::adversarial_admin_tenant_list_and_details
        PASS [   3.620s] (1114/2083) api-server routes::billing::adversarial_tests::adversarial_admin_reports_and_export
        PASS [   2.566s] (1115/2083) api-server routes::billing::adversarial_tests::adversarial_checkout_validation_without_stripe_credentials
        PASS [   2.778s] (1116/2083) api-server routes::billing::adversarial_tests::billing_admin_routes_ride_the_control_plane_stack
        PASS [   2.868s] (1117/2083) api-server routes::billing::adversarial_tests::adversarial_subscription_view_and_tenant_isolation
        PASS [   2.879s] (1118/2083) api-server routes::billing::adversarial_tests::adversarial_usage_alerts_validation_and_upsert
        PASS [   2.893s] (1119/2083) api-server routes::billing::adversarial_tests::adversarial_usage_reporting_and_realtime_counter
        PASS [   3.076s] (1120/2083) api-server routes::billing::adversarial_tests::adversarial_invoice_list_detail_and_documents
        PASS [   3.069s] (1121/2083) api-server routes::billing::adversarial_tests::adversarial_payg_and_overage_estimate_edges
        PASS [   3.113s] (1122/2083) api-server routes::billing::adversarial_tests::adversarial_proration_preview
        PASS [   3.144s] (1123/2083) api-server routes::billing::adversarial_tests::adversarial_plans_surface
        PASS [   2.419s] (1124/2083) api-server routes::billing::adversarial_tests::legacy_invoice_adapter_tests::invoice_list_and_detail_fall_back_when_optional_columns_drift
        PASS [   0.011s] (1125/2083) api-server routes::billing::adversarial_tests::redirect_policy_and_csv_response_cover_their_refusal_arms
        PASS [   2.625s] (1126/2083) api-server routes::billing::adversarial_tests::invoice_xml_404_and_proration_contract
        PASS [   2.489s] (1127/2083) api-server routes::billing::adversarial_tests::portal_fails_closed_without_a_customer_or_credentials
        PASS [   2.517s] (1128/2083) api-server routes::billing::adversarial_tests::plan_less_tenants_get_honest_empty_payloads
        PASS [   0.011s] (1129/2083) api-server routes::billing::adversarial_tests::usage_errors_map_to_their_http_contracts
        PASS [   2.628s] (1130/2083) api-server routes::billing::adversarial_tests::legacy_invoice_adapter_tests::proration_preview_refuses_credits_over_the_cap
        PASS [   2.636s] (1131/2083) api-server routes::billing::adversarial_tests::legacy_invoice_adapter_tests::manual_invoice_rejects_negative_unit_price
        PASS [   2.797s] (1132/2083) api-server routes::billing::adversarial_tests::invoice_with_null_period_bounds_lists_and_renders_instead_of_500
        PASS [   2.900s] (1133/2083) api-server routes::billing::adversarial_tests::billing_reads_require_the_registered_billing_read_scope
        PASS [   0.010s] (1134/2083) api-server routes::billing::tests::billing_routes_admin_invoice_queries_cover_current_and_legacy_schemas
        PASS [   0.010s] (1135/2083) api-server routes::billing::tests::billing_routes_invoice_html_escapes_env_configured_iban
        PASS [   0.009s] (1136/2083) api-server routes::billing::tests::billing_routes_invoice_html_renderer_escapes_values_and_no_reverse_charge_when_vat_charged
        PASS [   0.009s] (1137/2083) api-server routes::billing::tests::billing_routes_invoice_nonce_is_random_and_header_safe
        PASS [   0.010s] (1138/2083) api-server routes::billing::tests::billing_routes_invoice_response_csp_permits_exactly_the_nonce_stamped_style
        PASS [   0.009s] (1139/2083) api-server routes::billing::tests::billing_routes_invoice_reverse_charge_note_only_when_actually_applied
        PASS [   0.009s] (1140/2083) api-server routes::billing::tests::billing_routes_invoice_xml_partial_payment_uses_outstanding
        PASS [   0.009s] (1141/2083) api-server routes::billing::tests::billing_routes_invoice_xml_renderer_escapes_values_and_includes_payment_fields
        PASS [   0.010s] (1142/2083) api-server routes::billing::tests::billing_routes_missing_column_name_parses_the_postgres_error
        PASS [   0.010s] (1143/2083) api-server routes::billing::tests::billing_routes_realtime_period_label_follows_enforced_key_shape
        PASS [   0.009s] (1144/2083) api-server routes::billing::tests::billing_routes_redirect_url_policy_matches_ts_rules
        PASS [   0.034s] (1145/2083) api-server routes::billing::tests::billing_routes_require_authentication_for_new_public_endpoints
        PASS [   0.010s] (1146/2083) api-server routes::billing::tests::billing_routes_stripe_request_builder_pins_api_version_and_idempotency
        PASS [   0.009s] (1147/2083) api-server routes::billing::tests::billing_routes_tenant_access_accepts_exact_and_wildcard_scope
        PASS [   0.009s] (1148/2083) api-server routes::billing::tests::billing_routes_usage_cache_key_includes_namespace_and_period
        PASS [   0.008s] (1149/2083) api-server routes::billing::tests::direct_plan_switch_requires_checkout_and_verified_webhook
        PASS [   0.009s] (1150/2083) api-server routes::billing::tests::direct_subscription_cancellation_requires_billing_portal
        PASS [   0.009s] (1151/2083) api-server routes::billing::tests::test_compute_audit_log_hash_chains_with_previous_hash
        PASS [   0.009s] (1152/2083) api-server routes::billing::tests::test_compute_audit_log_hash_changes_with_action
        PASS [   0.009s] (1153/2083) api-server routes::billing::tests::test_compute_audit_log_hash_changes_with_metadata
        PASS [   0.008s] (1154/2083) api-server routes::billing::tests::test_compute_audit_log_hash_changes_with_tenant_id
        PASS [   0.009s] (1155/2083) api-server routes::billing::tests::test_compute_audit_log_hash_changes_with_timestamp
        PASS [   0.009s] (1156/2083) api-server routes::billing::tests::test_compute_audit_log_hash_is_deterministic
        PASS [   0.009s] (1157/2083) api-server routes::billing::tests::test_compute_audit_log_hash_long_chain_integrity
        PASS [   0.009s] (1158/2083) api-server routes::billing::tests::test_compute_audit_log_hash_output_is_sha256_hex
        PASS [   0.009s] (1159/2083) api-server routes::billing::tests::test_compute_audit_log_hash_with_none_resource_id
        PASS [   0.009s] (1160/2083) api-server routes::billing::tests::test_generate_audit_log_id_format
        PASS [   0.356s] (1161/2083) api-server routes::campaign_experiments::tests::experiment_and_timeline_routes_are_mounted_on_the_real_router
        PASS [   1.445s] (1162/2083) api-server routes::campaign_experiments::tests::experiment_results_declare_the_winner_above_the_guard
        PASS [   2.597s] (1163/2083) api-server routes::billing::adversarial_tests::usage_cache_hit_skips_the_database
        PASS [   2.642s] (1164/2083) api-server routes::billing::adversarial_tests::subscription_read_survives_a_missing_table
        PASS [   2.817s] (1165/2083) api-server routes::billing::adversarial_tests::revenue_and_export_fall_back_to_the_legacy_schema
        PASS [   2.532s] (1166/2083) api-server routes::billing::tests::billing_routes_admin_guards_return_403_for_customer_tenant_owner
        PASS [   2.569s] (1167/2083) api-server routes::billing::tests::billing_routes_admin_access_requires_system_tenant_with_admin_scope
        PASS [   2.572s] (1168/2083) api-server routes::billing::tests::billing_routes_admin_access_rejects_tenant_only_scope
        PASS [   0.012s] (1169/2083) api-server routes::campaigns::adversarial_tests::keyset_cursor_rejects_every_malformed_shape
        PASS [   0.481s] (1170/2083) api-server routes::campaign_experiments::tests::experiment_results_refuse_a_non_entitled_plan_with_the_named_reason
        PASS [   0.014s] (1171/2083) api-server routes::campaigns::adversarial_tests::unknown_fields_are_refused_at_deserialization
        PASS [   2.733s] (1172/2083) api-server routes::billing::adversarial_tests::wallet_credit_audit_row_names_the_operator
        PASS [   0.009s] (1173/2083) api-server routes::campaigns::tests::sender_validation_rejects_junk
        PASS [   0.010s] (1174/2083) api-server routes::campaigns::tests::list_id_validation_rejects_malformed_and_oversized
        PASS [   0.010s] (1175/2083) api-server routes::campaigns::tests::test_create_campaign_deser
        PASS [   0.010s] (1176/2083) api-server routes::campaigns::tests::test_campaign_response_serialisation
        PASS [   0.010s] (1177/2083) api-server routes::campaigns::tests::test_documented_fidelity_fields_parse
        PASS [   0.010s] (1178/2083) api-server routes::campaigns::tests::test_create_campaign_deser_accepts_documented_camel_case
        PASS [   0.010s] (1179/2083) api-server routes::client_errors::tests::truncate_ascii_long_strings_cut_at_exact_boundary
        PASS [   0.009s] (1180/2083) api-server routes::client_errors::tests::truncate_emoji_four_byte_characters
        PASS [   0.009s] (1181/2083) api-server routes::client_errors::tests::truncate_multibyte_payload_does_not_panic_at_mid_char_boundary
        PASS [   0.009s] (1182/2083) api-server routes::client_errors::tests::truncate_short_strings_untouched
        PASS [   0.008s] (1183/2083) api-server routes::client_errors::tests::truncate_two_byte_payload_does_not_panic
        PASS [   0.009s] (1184/2083) api-server routes::contact::tests::contact_responses_are_prg_redirects_with_anchors
        PASS [   0.009s] (1185/2083) api-server routes::contact::tests::domain_from_email_normalizes_case_www_and_whitespace
        PASS [   0.010s] (1186/2083) api-server routes::contact::tests::email_validation_rejects_missing_at_sign
        PASS [   0.010s] (1187/2083) api-server routes::contact::tests::enterprise_and_security_fields_survive_deserialisation
        PASS [   0.531s] (1188/2083) api-server routes::campaign_experiments::tests::experiment_results_refuse_below_the_minimum_sample_with_the_reason
        PASS [   0.574s] (1189/2083) api-server routes::campaigns::adversarial_tests::create_validates_bounds_and_references_before_insert
        PASS [   0.012s] (1190/2083) api-server routes::contact::tests::lead_notes_carry_the_typed_enquiry
        PASS [   0.641s] (1191/2083) api-server routes::campaign_experiments::tests::manual_winner_declaration_promotes_the_holdout_and_is_audited
        PASS [   0.011s] (1192/2083) api-server routes::contact::tests::locale_prefix_is_whitelisted_and_locale_aware
        PASS [   0.012s] (1193/2083) api-server routes::contact::tests::overlong_typed_enquiry_fields_are_validated
        PASS [   0.697s] (1194/2083) api-server routes::campaigns::adversarial_tests::list_paginates_by_offset_and_cursor_with_etag_revalidation
        PASS [   0.013s] (1195/2083) api-server routes::contact::tests::sales_form_fields_survive_deserialisation
        PASS [   0.223s] (1196/2083) api-server routes::contact::tests::invalid_submissions_redirect_back_with_an_error_query_param
        PASS [   0.010s] (1197/2083) api-server routes::contact::tests::validate_field_len_accepts_short_and_missing_values
        PASS [   0.011s] (1198/2083) api-server routes::contact::tests::validate_field_len_rejects_overlong_values
        PASS [   0.563s] (1199/2083) api-server routes::contact::tests::form_submission_writes_the_canonical_model_with_unverified_provenance
        PASS [   0.818s] (1200/2083) api-server routes::campaigns::adversarial_tests::get_delete_and_transitions_are_tenant_scoped_with_honest_errors
        PASS [   0.221s] (1201/2083) api-server routes::contact::tests::prg_redirect_targets_the_marketing_site_not_the_api_host
        PASS [   0.730s] (1202/2083) api-server routes::client_errors::tests::authenticated_report_persists_the_uuid_subject
        PASS [   0.925s] (1203/2083) api-server routes::campaigns::adversarial_tests::patch_send_schedule_and_stats_have_real_outcomes
        PASS [   1.482s] (1204/2083) api-server routes::contacts::contact_migration_tests::bulk_tag_add_remove_round_trip_and_tenant_isolation
        PASS [   0.805s] (1205/2083) api-server routes::contacts::contact_migration_tests::migration_150_scalar_abort_is_rescued_by_the_documented_preflight
        PASS [   2.456s] (1206/2083) api-server routes::contacts::canonical_crud_tests::list_tag_filter_restricts_rows_and_composes_with_cursor
        PASS [   2.658s] (1207/2083) api-server routes::contacts::bulk_import_coverage_tests::bulk_tag_over_the_limit_maps_the_check_violation_to_422
        PASS [   2.513s] (1208/2083) api-server routes::contacts::canonical_crud_tests::canonical_crud_metadata_tags_two_tenants_and_uuid_boundary
        PASS [   2.819s] (1209/2083) api-server routes::contact::tests::lead_write_enqueues_the_first_response_request_in_the_same_transaction
        PASS [   2.600s] (1210/2083) api-server routes::contacts::bulk_import_coverage_tests::keyset_cursor_refusals_and_pagination_round_trip
        PASS [   2.648s] (1211/2083) api-server routes::contacts::bulk_import_coverage_tests::csv_and_xlsx_imports_validate_cap_and_report
        PASS [   0.010s] (1212/2083) api-server routes::contacts::pagination_adversarial_tests::minted_cursor_round_trips_through_the_decoder
        PASS [   2.724s] (1213/2083) api-server routes::contacts::bulk_import_coverage_tests::counts_bulk_lifecycle_and_duplicate_resolution
        PASS [   0.010s] (1214/2083) api-server routes::contacts::tests::test_bulk_import_response
        PASS [   0.009s] (1215/2083) api-server routes::contacts::tests::test_create_contact_deser
        PASS [   0.009s] (1216/2083) api-server routes::contacts::tests_extra::test_bulk_tag_action_parsing
        PASS [   0.009s] (1217/2083) api-server routes::contacts::tests_extra::test_contact_response_serialisation
        PASS [   0.010s] (1218/2083) api-server routes::contacts::tests_extra::test_validate_name_column_bound
        PASS [   0.010s] (1219/2083) api-server routes::contacts::tests_extra::test_validate_tags_bounds
        PASS [   0.010s] (1220/2083) api-server routes::csrf::tests::csrf_token_expired_is_rejected
        PASS [   0.010s] (1221/2083) api-server routes::csrf::tests::csrf_token_with_current_timestamp_validates
        PASS [   0.009s] (1222/2083) api-server routes::csrf::tests::csrf_token_with_small_future_skew_is_accepted
        PASS [   0.009s] (1223/2083) api-server routes::csrf::tests::csrf_token_with_far_future_timestamp_is_rejected
        PASS [   0.010s] (1224/2083) api-server routes::csrf::tests::test_csrf_token_generation_and_validation
        PASS [   0.010s] (1225/2083) api-server routes::csrf::tests::csrf_token_with_wrong_secret_or_bad_format_is_rejected
        PASS [   1.492s] (1226/2083) api-server routes::contacts::contact_migration_tests::migration_170_reconciles_values_the_buggy_validator_accepted
        PASS [   1.428s] (1227/2083) api-server routes::contacts::contact_migration_tests::migration_171_backfills_legacy_metadata_conservatively
        PASS [   1.387s] (1228/2083) api-server routes::contacts::contact_migration_tests::migrations_150_170_171_establish_tags_and_metadata_on_a_tags_less_shape
        PASS [   2.167s] (1229/2083) api-server routes::dashboard::adversarial_tests::stats_are_zero_when_the_tenant_has_no_messages
        PASS [   2.288s] (1230/2083) api-server routes::contacts::pagination_adversarial_tests::hostile_cursors_are_client_errors
        PASS [   2.223s] (1231/2083) api-server routes::dashboard::adversarial_tests::stats_are_tenant_scoped_and_rate_arithmetic_holds
        PASS [   2.441s] (1232/2083) api-server routes::contacts::pagination_adversarial_tests::cursor_continuation_never_leaks_across_tenants
        PASS [   2.436s] (1233/2083) api-server routes::contacts::pagination_adversarial_tests::cursor_sweep_matches_offset_sweep_row_for_row
        PASS [   2.105s] (1234/2083) api-server routes::dedicated_ips::adversarial_tests::allocation_summary_for_a_missing_tenant_is_none
        PASS [   3.096s] (1235/2083) api-server routes::dashboard::adversarial_tests::stats_require_authentication
        PASS [   0.011s] (1236/2083) api-server routes::dedicated_ips::adversarial_tests::reputation_score_penalises_rate_and_blocklist_excesses
        PASS [   3.111s] (1237/2083) api-server routes::dashboard::adversarial_tests::stats_require_the_analytics_read_scope
        PASS [   2.048s] (1238/2083) api-server routes::dedicated_ips::adversarial_tests::dedicated_ip_list_scope_gate
        PASS [   0.011s] (1239/2083) api-server routes::dedicated_ips::tests::test_add_on_price_is_30_dollars
        PASS [   0.011s] (1240/2083) api-server routes::dedicated_ips::tests::test_all_ip_provider_error_variants_map_correctly
        PASS [   0.011s] (1241/2083) api-server routes::dedicated_ips::tests::test_allocate_ip_request_accepts_region
        PASS [   0.012s] (1242/2083) api-server routes::dedicated_ips::tests::test_allocate_ip_deser_defaults
        PASS [   0.010s] (1243/2083) api-server routes::dedicated_ips::tests::test_allocation_response_add_on_price_matches_constant
        PASS [   0.011s] (1244/2083) api-server routes::dedicated_ips::tests::test_allocate_ip_request_defaults_region_to_none
        PASS [   0.010s] (1245/2083) api-server routes::dedicated_ips::tests::test_dedicated_ip_response_camel_case
        PASS [   0.010s] (1246/2083) api-server routes::dedicated_ips::tests::test_allocation_response_for_ineligible_plan_keeps_zero_entitlement_visible
        PASS [   0.010s] (1247/2083) api-server routes::dedicated_ips::tests::test_ip_provider_to_api_error_no_servers
        PASS [   0.010s] (1248/2083) api-server routes::dedicated_ips::tests::test_ip_provider_to_api_error_plan_not_eligible
        PASS [   2.099s] (1249/2083) api-server routes::dedicated_ips::adversarial_tests::dedicated_ip_mutations_refuse_without_provider_configuration
        PASS [   0.010s] (1250/2083) api-server routes::dedicated_ips::tests::test_limit_reached_includes_limit_number
        PASS [   0.011s] (1251/2083) api-server routes::dedicated_ips::tests::test_ip_response_serialisation
        PASS [   0.010s] (1252/2083) api-server routes::dedicated_ips::tests::test_list_ips_query_defaults
        PASS [   0.011s] (1253/2083) api-server routes::dedicated_ips::tests::test_list_ips_query_deser_defaults
        PASS [   0.011s] (1254/2083) api-server routes::dedicated_ips::tests::test_list_response_serialisation
        PASS [   0.011s] (1255/2083) api-server routes::dedicated_ips::tests::test_pagination_meta_has_more_calculation
        PASS [   0.011s] (1256/2083) api-server routes::dedicated_ips::tests::test_plan_not_eligible_message_mentions_upgrade
        PASS [   0.011s] (1257/2083) api-server routes::dedicated_ips::tests::test_reputation_blocklisted_deducts_30_points
        PASS [   3.249s] (1258/2083) api-server routes::dashboard::adversarial_tests::stats_count_resource_rows_for_the_tenant_only
        PASS [   0.012s] (1259/2083) api-server routes::dedicated_ips::tests::test_reputation_defaults_perfect_score
        PASS [   0.012s] (1260/2083) api-server routes::dedicated_ips::tests::test_reputation_high_bounce_rate_penalizes
        PASS [   0.012s] (1261/2083) api-server routes::dedicated_ips::tests::test_reputation_score_clamped_at_100
        PASS [   0.012s] (1262/2083) api-server routes::dedicated_ips::tests::test_reputation_high_complaint_rate_penalizes
        PASS [   0.012s] (1263/2083) api-server routes::dedicated_ips::tests::test_reputation_score_clamped_at_zero
        PASS [   0.011s] (1264/2083) api-server routes::dedicated_ips::tests::test_reputation_uses_aggregated_delivery_stats
        PASS [   0.013s] (1265/2083) api-server routes::dedicated_ips::tests::test_warmup_detail_progress_is_percentage
        PASS [   0.013s] (1266/2083) api-server routes::dedicated_ips::tests::test_reputation_zero_sent_yields_perfect_score
        PASS [   0.011s] (1267/2083) api-server routes::dedicated_ips::tests::test_warmup_estimated_completion_preserves_original_start_time
        PASS [   2.267s] (1268/2083) api-server routes::dedicated_ips::adversarial_tests::dedicated_ip_list_enriches_stats_and_paginates
        PASS [   0.012s] (1269/2083) api-server routes::dedicated_ips::tests::test_warmup_response_serialisation
        PASS [   0.013s] (1270/2083) api-server routes::demos::script::tests::the_tour_exercises_every_kind_so_a_demo_cannot_regress_silently
        PASS [   0.013s] (1271/2083) api-server routes::demos::script::tests::every_step_kind_is_executable_and_every_script_is_addressable
        PASS [   0.013s] (1272/2083) api-server routes::demos::tests::bound_result_replaces_an_oversized_result_with_a_bounded_envelope
        PASS [   2.341s] (1273/2083) api-server routes::dedicated_ips::adversarial_tests::allocate_maps_unverifiable_rdns_to_503_and_compensates
        PASS [   0.014s] (1274/2083) api-server routes::demos::tests::token_generation_failure_is_an_error_not_an_all_zero_secret
        PASS [   0.601s] (1275/2083) api-server routes::domains::adversarial_handler_tests::create_domain_refuses_when_the_plan_limit_is_reached
        PASS [   2.114s] (1276/2083) api-server routes::domains::adversarial_handler_tests::dns_records_refuse_incomplete_material_and_auth_status_reports_derived_state
        PASS [   2.662s] (1277/2083) api-server routes::domains::adversarial_handler_tests::create_domain_persists_encrypted_material_and_enforces_conflicts
        PASS [   2.855s] (1278/2083) api-server routes::dedicated_ips::adversarial_tests::warmup_starts_from_an_rdns_verified_row
        PASS [   2.916s] (1279/2083) api-server routes::dedicated_ips::adversarial_tests::dedicated_ip_provider_backed_release_and_warmup
        PASS [   0.672s] (1280/2083) api-server routes::domains::adversarial_handler_tests::list_get_and_delete_are_tenant_scoped
        PASS [   2.895s] (1281/2083) api-server routes::demos::tests::stored_step_params_are_an_object_the_runner_can_read
        PASS [   2.934s] (1282/2083) api-server routes::demos::tests::demo_session_lifecycle_advances_idempotently_and_the_viewer_token_is_hashed
        PASS [   2.974s] (1283/2083) api-server routes::demos::tests::two_simultaneous_advances_run_the_step_once
        PASS [   0.489s] (1284/2083) api-server routes::domains::adversarial_handler_tests::malformed_domain_ids_are_404_not_500
        PASS [   0.440s] (1285/2083) api-server routes::domains::adversarial_handler_tests::platform_sender_bootstrap_is_idempotent_and_reports_records
        PASS [   0.012s] (1286/2083) api-server routes::domains::tests::dkim_material_currency_detects_concurrent_rotation
        PASS [   0.011s] (1287/2083) api-server routes::domains::tests::effective_dkim_selector_preserves_domain_assignment
        PASS [   0.011s] (1288/2083) api-server routes::domains::tests::generated_selector_is_a_valid_dns_label
        PASS [   0.010s] (1289/2083) api-server routes::domains::tests::return_path_record_matches_dashboard_instruction
        PASS [   0.010s] (1290/2083) api-server routes::domains::tests::test_create_domain_request_deser
        PASS [   0.018s] (1291/2083) api-server routes::domains::tests::ses_client_is_shared_across_calls_per_region
        PASS [   0.010s] (1292/2083) api-server routes::domains::tests::test_dns_records_generation
        PASS [   0.010s] (1293/2083) api-server routes::domains::tests::verification_outcome_requires_local_readiness_and_ses_when_transported
        PASS [   0.010s] (1294/2083) api-server routes::domains::tests_auth::auth_check_result_skips_fix_when_passing
        PASS [   0.009s] (1295/2083) api-server routes::domains::tests_auth::auth_kind_fix_hints_are_actionable
        PASS [   0.009s] (1296/2083) api-server routes::domains::tests_auth::auth_status_uses_the_same_assigned_records_as_dns_records
        PASS [   0.010s] (1297/2083) api-server routes::domains::tests_auth::ses_readiness_requires_verified_byodkim_and_custom_mail_from
        PASS [   0.010s] (1298/2083) api-server routes::domains::tests_auth::test_domain_response_serialisation
        PASS [   0.453s] (1299/2083) api-server routes::domains::adversarial_handler_tests::system_sender_status_refuses_an_absent_sender
        PASS [   2.237s] (1300/2083) api-server routes::events::adversarial_tests::events_require_the_read_scope
        PASS [   2.262s] (1301/2083) api-server routes::events::adversarial_tests::get_event_binds_by_id_and_tenant
        PASS [   0.012s] (1302/2083) api-server routes::events::tests::stats_window_defaults_applied_when_bounds_missing
        PASS [   0.012s] (1303/2083) api-server routes::events::tests::stats_window_rejects_inverted_range
        PASS [   0.010s] (1304/2083) api-server routes::events::tests::stats_window_rejects_range_over_92_days
        PASS [   2.327s] (1305/2083) api-server routes::events::adversarial_tests::events_list_filters_paginate_and_stay_tenant_scoped
        PASS [   0.010s] (1306/2083) api-server routes::events::tests::test_event_id_validation_matches_varchar64_column
        PASS [   0.011s] (1307/2083) api-server routes::events::tests::test_event_response_serialisation
        PASS [   0.011s] (1308/2083) api-server routes::events::tests::test_event_stats_serialisation
        PASS [   0.011s] (1309/2083) api-server routes::events::tests::test_timeseries_point
        PASS [   3.151s] (1310/2083) api-server routes::domains::adversarial_handler_tests::verification_round_trip_is_idempotent_and_ses_path_requires_the_full_pair
        PASS [   1.796s] (1311/2083) api-server routes::forgot_password::adversarial_tests::forgot_password_validation_gates_come_first
        PASS [   2.483s] (1312/2083) api-server routes::events::adversarial_tests::stats_and_timeseries_aggregate_only_the_window
        PASS [   0.012s] (1313/2083) api-server routes::forgot_password::tests::test_email_rate_limit_key_is_hashed_not_raw_pii
        PASS [   0.012s] (1314/2083) api-server routes::forgot_password::tests::test_forgot_password_request_deser
        PASS [   0.011s] (1315/2083) api-server routes::forgot_password::tests::test_html_escape
        PASS [   0.012s] (1316/2083) api-server routes::forgot_password::tests::test_percent_encode_component
        PASS [   0.011s] (1317/2083) api-server routes::health::tests::test_component_check_fields
        PASS [   0.010s] (1318/2083) api-server routes::health::tests::test_deep_check_serialisation
        PASS [   0.012s] (1319/2083) api-server routes::health::tests::test_liveness_returns_ok
        PASS [   0.011s] (1320/2083) api-server routes::helpers::tests::capability_probe_suite_skips_cleanly_without_a_database
        PASS [   5.415s] (1321/2083) api-server routes::domains::adversarial_handler_tests::ses_transport_with_full_pair_stays_pending_when_ses_is_unreachable
        PASS [   0.011s] (1322/2083) api-server routes::helpers::tests::cursor_limit_sql_fetches_one_extra_row
        PASS [   0.011s] (1323/2083) api-server routes::helpers::tests::cursor_round_trip_is_lossless
        PASS [   0.012s] (1324/2083) api-server routes::helpers::tests::cursor_where_sql_accepts_allowlisted_columns
        PASS [   0.011s] (1325/2083) api-server routes::helpers::tests::cursor_where_sql_rejects_unknown_columns_without_panicking
        PASS [   5.295s] (1326/2083) api-server routes::domains::adversarial_handler_tests::verification_missing_wrong_and_erroring_records_stay_pending
        PASS [   0.010s] (1327/2083) api-server routes::helpers::tests::decode_cursor_rejects_odd_length_and_non_hex_input
        PASS [   0.010s] (1328/2083) api-server routes::helpers::tests::extract_cookie_handles_multiple_headers_pairs_and_missing_equals
        PASS [   0.011s] (1329/2083) api-server routes::helpers::tests::has_more_truncates_only_when_an_extra_row_arrives
        PASS [   0.010s] (1330/2083) api-server routes::helpers::tests::html_escape_encodes_every_special_char_and_keeps_plain_text
        PASS [   0.010s] (1331/2083) api-server routes::helpers::tests::offset_pagination_meta_reports_total_limit_and_offset
        PASS [   0.013s] (1332/2083) api-server routes::helpers::tests::pool_identity_distinguishes_databases_and_shares_clones
        PASS [   0.012s] (1333/2083) api-server routes::helpers::tests::pool_identity_distinguishes_unix_sockets_and_defaulted_databases
        PASS [   0.010s] (1334/2083) api-server routes::helpers::tests::response_cache_round_trips_and_overwrites
        PASS [   0.010s] (1335/2083) api-server routes::helpers::tests::token_blacklist_key_hashes_null_bytes_consistently
        PASS [   0.010s] (1336/2083) api-server routes::helpers::tests::token_blacklist_key_reuses_hash_token
        PASS [   0.010s] (1337/2083) api-server routes::helpers::tests::with_cache_control_sets_public_max_age
        PASS [   8.074s] (1338/2083) api-server routes::domains::adversarial_handler_tests::ensure_domain_dkim_material_repairs_and_rotates_partial_material
        PASS [   3.282s] (1339/2083) api-server routes::forgot_password::adversarial_tests::forgot_password_rate_limits_by_ip_and_email
        PASS [   3.486s] (1340/2083) api-server routes::forgot_password::adversarial_tests::forgot_password_is_non_enumerating_and_queues_the_reset_email
        PASS [   1.132s] (1341/2083) api-server routes::helpers::tests::capability_probes_cache_ok_and_never_cache_errors
        PASS [   1.548s] (1342/2083) api-server routes::impersonate::adversarial_tests::impersonation_start_refuses_bad_tokens
        PASS [   1.941s] (1343/2083) api-server routes::impersonate::adversarial_tests::impersonation_gates_reject_customer_tenants_and_weak_scopes
        PASS [   1.481s] (1344/2083) api-server routes::impersonate::adversarial_tests::production_environment_sets_secure_cookie_attributes
        PASS [   1.821s] (1345/2083) api-server routes::impersonate::adversarial_tests::impersonation_start_happy_path_sets_cookie_and_audits
        PASS [   2.437s] (1346/2083) api-server routes::impersonate::adversarial_tests::end_audit_attribution_falls_back_to_unknown_for_identity_less_cookies
        PASS [   2.435s] (1347/2083) api-server routes::impersonate::adversarial_tests::impersonation_end_clears_cookie_and_audits_the_session
        PASS [   0.010s] (1348/2083) api-server routes::impersonate::tests::impersonation_token_expired_is_rejected
        PASS [   0.010s] (1349/2083) api-server routes::impersonate::tests::impersonation_token_garbage_format_is_rejected
        PASS [   0.010s] (1350/2083) api-server routes::impersonate::tests::impersonation_token_lifetime_capped_at_one_hour
        PASS [   0.010s] (1351/2083) api-server routes::impersonate::tests::impersonation_token_with_wrong_signature_is_rejected
        PASS [   0.011s] (1352/2083) api-server routes::impersonate::tests::impersonation_token_without_expiry_is_rejected
        PASS [   0.010s] (1353/2083) api-server routes::impersonate::tests::test_create_and_verify_signed_token
        PASS [   0.009s] (1354/2083) api-server routes::impersonate::tests::test_create_signed_token_tamper_detection
        PASS [   7.888s] (1355/2083) api-server routes::domains::conflict_coverage_tests::duplicate_claims_and_missing_domains_answer_cleanly
        PASS [   2.146s] (1356/2083) api-server routes::kiwicaptcha::adversarial_tests::disabled_captcha_is_service_unavailable
        PASS [   2.306s] (1357/2083) api-server routes::kiwicaptcha::adversarial_tests::dev_secret_in_debug_builds_yields_the_bypass_challenge
        PASS [   2.442s] (1358/2083) api-server routes::impersonate::adversarial_tests::start_fails_closed_when_redis_pool_is_unreachable
        PASS [   2.421s] (1359/2083) api-server routes::impersonate::adversarial_tests::start_fails_closed_when_the_set_nx_command_fails
        PASS [   0.011s] (1360/2083) api-server routes::kiwicaptcha::tests::challenge_rate_limit_fails_closed_when_redis_is_down
        PASS [   2.413s] (1361/2083) api-server routes::impersonate::adversarial_tests::start_refuses_when_the_audit_write_fails
        PASS [   0.009s] (1362/2083) api-server routes::lists::adversarial_tests::add_subscribers_denies_unknown_fields_at_deserialization
        PASS [   0.010s] (1363/2083) api-server routes::lists::adversarial_tests::scope_gate_refuses_read_only_and_scope_less_callers
        PASS [   5.214s] (1364/2083) api-server routes::forgot_password::adversarial_tests::reset_email_carries_shell_metadata_expiry_and_action_link
        PASS [   0.052s] (1365/2083) api-server routes::kiwicaptcha::tests::challenge_rate_limit_allows_then_exceeds_on_live_redis
        PASS [   0.012s] (1366/2083) api-server routes::lists::adversarial_tests::validation_rejects_empty_overlong_names_and_unknown_modes
        PASS [   0.567s] (1367/2083) api-server routes::lists::adversarial_tests::subscriber_bulk_limit_is_enforced_before_any_write
        PASS [   0.617s] (1368/2083) api-server routes::lists::adversarial_tests::crud_walk_is_tenant_isolated_and_conflicts_are_honest
        PASS [   0.599s] (1369/2083) api-server routes::message_timeline::tests::timeline_answers_insufficient_history_honestly
        PASS [   0.672s] (1370/2083) api-server routes::message_timeline::tests::timeline_gate_refuses_non_entitled_plans_with_the_named_reason
        PASS [   0.461s] (1371/2083) api-server routes::message_timeline::tests::timeline_reconstructs_the_suppressed_arm
        PASS [   0.404s] (1372/2083) api-server routes::messages::tests::api_messages_enqueue_worker_rows_for_all_recipients
        PASS [   0.190s] (1373/2083) api-server routes::messages::tests::api_messages_validate_send_rejects_crlf_in_recipients
        PASS [   0.642s] (1374/2083) api-server routes::message_timeline::tests::timeline_refuses_cross_tenant_ids_but_operators_may_cross
        PASS [   0.204s] (1375/2083) api-server routes::messages::tests::api_messages_validate_send_rejects_suppressed_recipients
        PASS [   0.696s] (1376/2083) api-server routes::message_timeline::tests::timeline_replays_the_crafted_sequence_at_every_timestamp
        PASS [   0.074s] (1377/2083) api-server routes::messages::tests::attachments_must_be_valid_base64_with_bounded_size
        PASS [   0.201s] (1378/2083) api-server routes::messages::tests::attachment_size_limits_are_enforced_on_decoded_bytes
        PASS [   0.223s] (1379/2083) api-server routes::messages::tests::batch_item_savepoint_contains_item_failures
        PASS [   0.436s] (1380/2083) api-server routes::messages::tests::attachment_boundary_sizes_are_enforced_with_clear_errors
        PASS [   1.938s] (1381/2083) api-server routes::kiwicaptcha::adversarial_tests::invalid_scope_is_rejected_before_any_state_changes
        PASS [   1.937s] (1382/2083) api-server routes::kiwicaptcha::adversarial_tests::short_secret_issuance_is_a_503_not_a_500
        PASS [   4.250s] (1383/2083) api-server routes::kiwicaptcha::adversarial_tests::cancel_ignores_malformed_nonces_without_touching_redis
        PASS [   4.294s] (1384/2083) api-server routes::kiwicaptcha::adversarial_tests::challenge_issuance_persists_and_rate_limits_per_ip
        PASS [   0.305s] (1385/2083) api-server routes::messages::tests::cancelling_after_worker_claim_is_explicitly_too_late
        PASS [   0.320s] (1386/2083) api-server routes::messages::tests::cancelling_api_message_cancels_pending_queue_rows
        PASS [   0.010s] (1387/2083) api-server routes::messages::tests::canonical_send_hash_is_stable_and_distinguishing
        PASS [   0.009s] (1388/2083) api-server routes::messages::tests::category_is_normalized_and_invalid_values_rejected
        PASS [   0.682s] (1389/2083) api-server routes::messages::tests::batch_send_is_partial_per_item_and_idempotent
        PASS [   0.010s] (1390/2083) api-server routes::messages::tests::header_injection_via_values_is_rejected
        PASS [   0.010s] (1391/2083) api-server routes::messages::tests::headers_must_be_an_object_of_strings
        PASS [   0.009s] (1392/2083) api-server routes::messages::tests::invalid_category_admission_maps_to_the_existing_validation_message
        PASS [   0.011s] (1393/2083) api-server routes::messages::tests::invalid_reply_to_is_rejected
        PASS [   0.010s] (1394/2083) api-server routes::messages::tests::keyset_cursor_decode_rejects_every_malformed_shape
        PASS [   0.009s] (1395/2083) api-server routes::messages::tests::ledger_body_roundtrips_the_complete_envelope
        PASS [   0.225s] (1396/2083) api-server routes::messages::tests::cancelling_pending_message_flips_all_rows_and_verifies_counts
        PASS [   0.009s] (1397/2083) api-server routes::messages::tests::ledger_completion_requires_exactly_one_fenced_row
        PASS [   0.009s] (1398/2083) api-server routes::messages::tests::ledger_conflicts_on_different_payload
        PASS [   0.009s] (1399/2083) api-server routes::messages::tests::ledger_conflicts_on_different_route_or_principal
        PASS [   0.009s] (1400/2083) api-server routes::messages::tests::ledger_in_flight_rejects_concurrent_duplicate
        PASS [   0.009s] (1401/2083) api-server routes::messages::tests::ledger_replay_rejects_corrupt_bodies
        PASS [   0.009s] (1402/2083) api-server routes::messages::tests::ledger_replay_wraps_legacy_unwrapped_rows
        PASS [   0.010s] (1403/2083) api-server routes::messages::tests::ledger_replays_only_on_full_identity_match
        PASS [   0.628s] (1404/2083) api-server routes::messages::tests::batch_template_send_keeps_partial_semantics
        PASS [   0.618s] (1405/2083) api-server routes::messages::tests::get_and_cancel_message_scope_lifecycle_and_error_contracts
        PASS [   0.943s] (1406/2083) api-server routes::messages::tests::list_messages_cursor_sweep_matches_offset_and_stays_tenant_scoped
        PASS [   1.493s] (1407/2083) api-server routes::messages::tests::ledger_vanished_record_retries_as_fresh_insert
        PASS [   0.014s] (1408/2083) api-server routes::messages::tests::mailbox_parsing_matches_the_shared_contract
        PASS [   0.014s] (1409/2083) api-server routes::messages::tests::metadata_array_is_rejected_with_shape_error
        PASS [   0.014s] (1410/2083) api-server routes::messages::tests::metadata_null_is_treated_as_missing
        PASS [   1.551s] (1411/2083) api-server routes::messages::tests::ledger_takeover_and_conflict_arms_are_exact
        PASS [   1.483s] (1412/2083) api-server routes::messages::tests::list_messages_cursor_and_status_arms
        PASS [   0.013s] (1413/2083) api-server routes::messages::tests::metadata_object_is_accepted_and_passed_through_unchanged
        PASS [   0.012s] (1414/2083) api-server routes::messages::tests::metadata_scalar_is_rejected_with_shape_error
        PASS [   0.013s] (1415/2083) api-server routes::messages::tests::metadata_reserved_operational_keys_are_rejected
        PASS [   0.014s] (1416/2083) api-server routes::messages::tests::metadata_size_is_bounded
        PASS [   0.012s] (1417/2083) api-server routes::messages::tests::metering_outage_maps_to_the_existing_503_message
        PASS [   0.014s] (1418/2083) api-server routes::messages::tests::mime_headers_preserve_visible_to_cc_and_never_bcc
        PASS [   2.628s] (1419/2083) api-server routes::messages::tests::batch_rejects_quota_exceeded_items_without_touching_valid_ones
        PASS [   0.012s] (1420/2083) api-server routes::messages::tests::missing_template_variables_are_extracted_from_renderer_warnings
        PASS [   0.013s] (1421/2083) api-server routes::messages::tests::named_mailboxes_round_trip_through_the_request_contract
        PASS [   0.012s] (1422/2083) api-server routes::messages::tests::named_priority_mapping_matches_the_shared_contract
        PASS [   0.012s] (1423/2083) api-server routes::messages::tests::ordinary_custom_headers_still_pass_the_namespace_gate
        PASS [   0.013s] (1424/2083) api-server routes::messages::tests::parse_mailbox_covers_every_rejection_form
        PASS [   0.012s] (1425/2083) api-server routes::messages::tests::parse_send_addresses_collects_every_field_error
        PASS [   0.011s] (1426/2083) api-server routes::messages::tests::priority_accepts_the_shared_contract_forms
        PASS [   0.012s] (1427/2083) api-server routes::messages::tests::priority_must_be_in_range
        PASS [   0.011s] (1428/2083) api-server routes::messages::tests::protected_header_names_are_rejected
        PASS [   0.012s] (1429/2083) api-server routes::messages::tests::queue_attachments_serialize_to_worker_shape
        PASS [   0.012s] (1430/2083) api-server routes::messages::tests::quota_refusal_maps_to_the_existing_403_message
        PASS [   0.012s] (1431/2083) api-server routes::messages::tests::quota_usage_event_id_is_stable_per_idempotency_key
        PASS [   0.013s] (1432/2083) api-server routes::messages::tests::replay_ledger_response_versions_and_corruption
        PASS [   0.013s] (1433/2083) api-server routes::messages::tests::reserved_namespace_headers_are_rejected_in_every_spelling
        PASS [   0.013s] (1434/2083) api-server routes::messages::tests::rest_queue_failure_paths_release_the_admission
        PASS [   0.012s] (1435/2083) api-server routes::messages::tests::sanitize_customer_metadata_rejects_non_object_and_oversized_shapes
        PASS [   2.284s] (1436/2083) api-server routes::messages::tests::cancel_boundaries_are_enforced
        PASS [   2.717s] (1437/2083) api-server routes::messages::tests::batch_rolls_back_when_the_ledger_completion_fails
        PASS [   2.635s] (1438/2083) api-server routes::messages::tests::batch_savepoint_isolates_a_failing_item
        PASS [   0.341s] (1439/2083) api-server routes::messages::tests::named_mailboxes_enqueue_bare_envelope_and_display_headers
        PASS [   0.374s] (1440/2083) api-server routes::messages::tests::queue_rows_store_original_mime_to_cc_and_reply_to
        PASS [   0.011s] (1441/2083) api-server routes::messages::tests::suppressed_admission_maps_to_the_existing_validation_message
        PASS [   0.655s] (1442/2083) api-server routes::messages::tests::list_messages_paginates_filters_and_honours_etags
        PASS [   0.010s] (1443/2083) api-server routes::messages::tests::template_send_options_are_accepted_and_shape_violations_named
        PASS [   1.014s] (1444/2083) api-server routes::messages::tests::send_endpoint_domain_suppression_circuit_and_quota_refusals
        PASS [   0.952s] (1445/2083) api-server routes::messages::tests::send_endpoint_rejects_invalid_payloads_and_writes_nothing
        PASS [   0.982s] (1446/2083) api-server routes::messages::tests::send_endpoint_persists_queue_and_replays_idempotently
        PASS [   0.010s] (1447/2083) api-server routes::messages::tests::tenant_message_circuit_keys_are_tenant_scoped
        PASS [   0.009s] (1448/2083) api-server routes::messages::tests::test_batch_send_response_accepted_item_has_id
        PASS [   0.010s] (1449/2083) api-server routes::messages::tests::test_batch_send_response_rejected_item_skips_id_and_error_serialization
        PASS [   0.010s] (1450/2083) api-server routes::messages::tests::test_batch_send_response_serialisation
        PASS [   0.691s] (1451/2083) api-server routes::messages::tests::template_send_refusals_leave_nothing_queued
        PASS [   0.010s] (1452/2083) api-server routes::messages::tests::test_delivery_recipients_empty_cc_bcc
        PASS [   0.011s] (1453/2083) api-server routes::messages::tests::test_delivery_recipients_combines_to_cc_bcc
        PASS [   0.010s] (1454/2083) api-server routes::messages::tests::test_message_status_returns_queued_when_no_schedule
        PASS [   0.010s] (1455/2083) api-server routes::messages::tests::test_list_messages_query_defaults
        PASS [   0.009s] (1456/2083) api-server routes::messages::tests::test_message_status_returns_scheduled_when_future_date
        PASS [   0.010s] (1457/2083) api-server routes::messages::tests::test_quota_quantity_counts_all_delivery_recipients
        PASS [   0.010s] (1458/2083) api-server routes::messages::tests::test_quota_quantity_matches_enqueued_queue_rows
        PASS [   0.010s] (1459/2083) api-server routes::messages::tests::test_quota_quantity_minimum_is_one_for_valid_request
        PASS [   0.009s] (1460/2083) api-server routes::messages::tests::test_send_request_deser
        PASS [   0.009s] (1461/2083) api-server routes::messages::tests::test_send_request_rejects_missing_html_and_text
        PASS [   0.009s] (1462/2083) api-server routes::messages::tests::test_validate_sort_column_rejects_unknown_column
        PASS [   0.009s] (1463/2083) api-server routes::messages::tests::unsupported_fields_never_pass_validation_silently
        PASS [   0.011s] (1464/2083) api-server routes::messages::tests::valid_supported_options_produce_no_errors
        PASS [   0.009s] (1465/2083) api-server routes::messages::tests::validate_send_options_errors_name_every_offending_field
        PASS [   0.655s] (1466/2083) api-server routes::messages::tests::template_send_renders_persists_and_replays_idempotently
        PASS [   2.148s] (1467/2083) api-server routes::messages::tests::validate_send_and_metadata_gates
        PASS [   2.271s] (1468/2083) api-server routes::messages::tests::tenant_circuit_opens_and_fails_open_without_redis
        PASS [   3.224s] (1469/2083) api-server routes::messages::tests::send_preflight_refuses_a_fresh_in_flight_key
        PASS [   2.978s] (1470/2083) api-server routes::messages::tests::suppression_refusals_are_honest
        PASS [   0.010s] (1471/2083) api-server routes::notification_drain::tests::rendered_html_escapes_payload_values
        PASS [   0.009s] (1472/2083) api-server routes::notification_drain::tests::unknown_type_renders_a_generic_message_with_the_payload
        PASS [   0.010s] (1473/2083) api-server routes::pagination::tests::test_cursor_page_serialization
        PASS [   0.010s] (1474/2083) api-server routes::pagination::tests::test_cursor_params_defaults
        PASS [   0.010s] (1475/2083) api-server routes::pagination::tests::test_cursor_params_denies_unknown_fields
        PASS [   1.702s] (1476/2083) api-server routes::messages::validation_coverage_tests::send_and_batch_refuse_shape_violations
        PASS [   0.010s] (1477/2083) api-server routes::pagination::tests::test_cursor_params_with_values
        PASS [   0.010s] (1478/2083) api-server routes::pagination::tests::test_decode_invalid_cursor_returns_none
        PASS [   0.009s] (1479/2083) api-server routes::pagination::tests::test_decode_not_utf8_returns_none
        PASS [   0.009s] (1480/2083) api-server routes::pagination::tests::test_encode_cursor_is_url_safe
        PASS [   0.009s] (1481/2083) api-server routes::pagination::tests::test_encode_decode_roundtrip
        PASS [   0.010s] (1482/2083) api-server routes::pagination::tests::test_has_more_detects_next_page
        PASS [   0.009s] (1483/2083) api-server routes::pagination::tests::test_has_more_no_next_page
        PASS [   0.009s] (1484/2083) api-server routes::pagination::tests::test_pagination_error_display
        PASS [   3.412s] (1485/2083) api-server routes::messages::tests::send_duplicate_insert_refetches_the_existing_message
        PASS [   0.009s] (1486/2083) api-server routes::pagination::tests::test_pagination_meta_serialization
        PASS [   0.009s] (1487/2083) api-server routes::retention::tests::retention_bounds_are_validated_with_named_reasons
        PASS [   0.010s] (1488/2083) api-server routes::scim::tests::blank_user_name_is_rejected
        PASS [   0.010s] (1489/2083) api-server routes::scim::tests::client_supplied_id_is_ignored_by_request_dto
        PASS [   0.010s] (1490/2083) api-server routes::scim::tests::create_user_body_accepts_optional_attributes
        PASS [   2.278s] (1491/2083) api-server routes::messages::validation_coverage_tests::list_filter_status_and_unknown_ids_answer_cleanly
        PASS [   3.192s] (1492/2083) api-server routes::messages::tests::send_rolls_back_when_the_ledger_completion_fails
        PASS [   0.010s] (1493/2083) api-server routes::scim::tests::create_user_body_missing_user_name_is_rejected
        PASS [   0.009s] (1494/2083) api-server routes::scim::tests::create_user_body_requires_no_id_and_defaults_active_true
        PASS [   0.009s] (1495/2083) api-server routes::scim::tests::create_with_active_false_maps_to_deactivated_resource
        PASS [   0.009s] (1496/2083) api-server routes::scim::tests::created_response_sets_201_and_location_header
        PASS [   0.009s] (1497/2083) api-server routes::scim::tests::deactivation_patch_updates_only_the_status_column
        PASS [   0.009s] (1498/2083) api-server routes::scim::tests::full_patch_binds_every_supplied_field
        PASS [   0.008s] (1499/2083) api-server routes::scim::tests::group_create_body_parses_members_and_rejects_wrong_schema
        PASS [   0.009s] (1500/2083) api-server routes::scim::tests::group_create_body_display_name_required
        PASS [   0.009s] (1501/2083) api-server routes::scim::tests::list_response_metadata_reports_normalized_start_and_actual_count
        PASS [   0.009s] (1502/2083) api-server routes::scim::tests::member_removal_path_rejects_quoting_garbage_instead_of_mangling
        PASS [   0.009s] (1503/2083) api-server routes::scim::tests::member_removal_path_parses_plain_uuids
        PASS [   0.008s] (1504/2083) api-server routes::scim::tests::name_only_patch_updates_only_the_name_column
        PASS [   0.008s] (1505/2083) api-server routes::scim::tests::no_op_patch_builds_no_update
        PASS [   0.008s] (1506/2083) api-server routes::scim::tests::normalize_scim_page_handles_edge_values
        PASS [   0.009s] (1507/2083) api-server routes::scim::tests::omitted_active_defaults_to_active_lifecycle
        PASS [   0.009s] (1508/2083) api-server routes::scim::tests::parse_scim_filter_decodes_escaped_literals
        PASS [   0.009s] (1509/2083) api-server routes::scim::tests::parse_scim_filter_accepts_eq_on_supported_attributes
        PASS [   0.009s] (1510/2083) api-server routes::scim::tests::parse_scim_filter_external_id_matches_nothing
        PASS [   0.009s] (1511/2083) api-server routes::scim::tests::parse_scim_filter_rejects_unsupported_input
        PASS [   0.009s] (1512/2083) api-server routes::scim::tests::parse_scim_filter_rejects_control_characters
        PASS [   0.009s] (1513/2083) api-server routes::scim::tests::patch_body_with_wrong_schema_urn_is_rejected
        PASS [   0.009s] (1514/2083) api-server routes::scim::tests::plan_user_patch_applies_path_less_object_form
        PASS [   0.009s] (1515/2083) api-server routes::scim::tests::patch_request_accepts_the_rfc_schemas_attribute
        PASS [   0.009s] (1516/2083) api-server routes::scim::tests::plan_user_patch_invalid_op_rejects_whole_request
        PASS [   0.009s] (1517/2083) api-server routes::scim::tests::plan_user_patch_last_op_wins
        PASS [   0.009s] (1518/2083) api-server routes::scim::tests::plan_user_patch_rejects_unsupported_paths_values_and_removes
        PASS [   0.009s] (1519/2083) api-server routes::scim::tests::plan_user_patch_remove_clears_only_the_stored_name
        PASS [   0.009s] (1520/2083) api-server routes::scim::tests::plausible_email_gate_rejects_blank_and_malformed
        PASS [   0.009s] (1521/2083) api-server routes::scim::tests::plan_user_patch_supports_documented_ops
        PASS [   0.009s] (1522/2083) api-server routes::scim::tests::scim_error_envelope_follows_rfc_7644
        PASS [   0.274s] (1523/2083) api-server routes::scim::tests::scim_group_creation_rejects_foreign_tenant_members_and_writes_no_rows
        PASS [   0.467s] (1524/2083) api-server routes::scim::tests::scim_media_type_bodies_are_accepted_on_write_routes
        PASS [   0.771s] (1525/2083) api-server routes::scim::tests::scim_group_lifecycle_members_and_cross_tenant_isolation
        PASS [   1.239s] (1526/2083) api-server routes::scim::tests::scim_concurrent_name_patch_cannot_undo_deactivation
        PASS [   0.582s] (1527/2083) api-server routes::scim::tests::scim_privileged_email_change_is_refused_and_row_is_untouched
        PASS [   0.624s] (1528/2083) api-server routes::scim::tests::scim_scope_gates_and_service_provider_config
        PASS [   2.301s] (1529/2083) api-server routes::notification_drain::tests::orphan_over_attempted_row_parks_failed_with_the_reason
        PASS [   2.285s] (1530/2083) api-server routes::notification_drain::tests::retryable_failure_backs_off_before_the_next_claim
        PASS [   0.831s] (1531/2083) api-server routes::scim::tests::scim_user_list_filters_pagination_and_tenant_isolation
        PASS [   0.913s] (1532/2083) api-server routes::scim::tests::scim_user_lifecycle_roundtrip_through_the_router
        PASS [   0.012s] (1533/2083) api-server routes::scim::tests::status_for_active_maps_the_scim_lifecycle
        PASS [   0.012s] (1534/2083) api-server routes::scim::tests::service_provider_config_advertises_implemented_capabilities
        PASS [   0.011s] (1535/2083) api-server routes::scim::tests::test_scim_email_defaults_primary_false_if_missing
        PASS [   0.011s] (1536/2083) api-server routes::scim::tests::test_scim_disabled_hash_is_not_valid_argon2
        PASS [   0.011s] (1537/2083) api-server routes::scim::tests::test_scim_email_requires_value
        PASS [   0.011s] (1538/2083) api-server routes::scim::tests::test_scim_group_empty_members
        PASS [   0.010s] (1539/2083) api-server routes::scim::tests::test_scim_list_query_accepts_cursor
        PASS [   0.011s] (1540/2083) api-server routes::scim::tests::test_scim_group_serialisation
        PASS [   0.010s] (1541/2083) api-server routes::scim::tests::test_scim_list_query_accepts_start_index_and_count
        PASS [   0.010s] (1542/2083) api-server routes::scim::tests::test_scim_list_query_accepts_filter
        PASS [   0.009s] (1543/2083) api-server routes::scim::tests::test_scim_max_count_is_reasonable
        PASS [   0.010s] (1544/2083) api-server routes::scim::tests::test_scim_list_query_defaults
        PASS [   2.434s] (1545/2083) api-server routes::retention::tests::editing_requires_the_custom_retention_entitlement_but_read_does_not
        PASS [   0.010s] (1546/2083) api-server routes::scim::tests::test_scim_member_serialises_with_and_without_display
        PASS [   0.010s] (1547/2083) api-server routes::scim::tests::test_scim_name_accepts_given_name_only
        PASS [   0.011s] (1548/2083) api-server routes::scim::tests::test_scim_name_both_fields_optional
        PASS [   0.012s] (1549/2083) api-server routes::scim::tests::test_scim_patch_request_rejects_unknown_request_fields
        PASS [   0.012s] (1550/2083) api-server routes::scim::tests::test_scim_patch_request_rejects_unknown_fields
        PASS [   0.013s] (1551/2083) api-server routes::scim::tests::test_scim_patch_request_remove_operation
        PASS [   0.012s] (1552/2083) api-server routes::scim::tests::test_scim_schemas_are_well_known_urns
        PASS [   0.013s] (1553/2083) api-server routes::scim::tests::test_scim_patch_request_single_add_operation
        PASS [   0.012s] (1554/2083) api-server routes::scim::tests::test_scim_unique_violation_code
        PASS [   0.011s] (1555/2083) api-server routes::scim::tests::test_scim_user_rejects_wrong_schema_type
        PASS [   0.011s] (1556/2083) api-server routes::scim::tests::test_scim_user_serialisation
        PASS [   0.011s] (1557/2083) api-server routes::scim::tests::test_scim_user_serialises_with_all_name_fields
        PASS [   0.012s] (1558/2083) api-server routes::self_hosted_bounces::adversarial_tests::dsn_lookup_ignores_attacker_text_in_the_bounced_message_body
        PASS [   0.012s] (1559/2083) api-server routes::self_hosted_bounces::adversarial_tests::enhanced_status_codes_cover_the_rfc3463_matrix
        PASS [   0.010s] (1560/2083) api-server routes::self_hosted_bounces::adversarial_tests::header_region_helpers_bounds_and_case
        PASS [   0.012s] (1561/2083) api-server routes::self_hosted_bounces::adversarial_tests::mime_boundary_and_part_splitting
        PASS [   0.014s] (1562/2083) api-server routes::self_hosted_bounces::adversarial_tests::parse_dsn_email_strips_prefixes_and_maps_status_classes
        PASS [   0.013s] (1563/2083) api-server routes::self_hosted_bounces::adversarial_tests::return_path_regex_is_anchored_to_the_real_bounce_domain
        PASS [   0.010s] (1564/2083) api-server routes::self_hosted_bounces::adversarial_tests::verp_disposition_requires_a_matching_nonempty_queue_row
        PASS [   0.019s] (1565/2083) api-server routes::self_hosted_bounces::adversarial_tests::smtp_response_classifies_by_code_and_enhanced_status
        PASS [   0.019s] (1566/2083) api-server routes::self_hosted_bounces::adversarial_tests::text_heuristics_use_word_boundaries_not_substrings
        PASS [   2.669s] (1567/2083) api-server routes::retention::tests::retention_edit_respects_the_plan_ceiling_and_tenant_isolation
        PASS [   0.628s] (1568/2083) api-server routes::scim::tests::scim_user_protocol_errors_are_scim_envelopes_and_write_nothing
        PASS [   0.010s] (1569/2083) api-server routes::self_hosted_bounces::tests::dsn_fields_come_from_delivery_status_part_not_planted_body_lines
        PASS [   2.552s] (1570/2083) api-server routes::scim::tests::scim_user_creation_persists_requested_lifecycle
        PASS [   1.802s] (1571/2083) api-server routes::scim::tests::scim_user_patch_is_atomic_and_invalid_ops_write_nothing
        PASS [   0.011s] (1572/2083) api-server routes::self_hosted_bounces::tests::header_regions_never_include_the_original_message_body
        PASS [   1.259s] (1573/2083) api-server routes::self_hosted_bounces::tests::forged_bounce_for_unknown_message_does_not_suppress
        PASS [   0.010s] (1574/2083) api-server routes::self_hosted_bounces::tests::non_mime_bounces_only_consider_top_level_headers
        PASS [   0.009s] (1575/2083) api-server routes::self_hosted_bounces::tests::test_enhanced_status_codes
        PASS [   0.018s] (1576/2083) api-server routes::self_hosted_bounces::tests::test_parse_from_text
        PASS [   0.010s] (1577/2083) api-server routes::self_hosted_bounces::tests::test_parse_smtp_response_blocked
        PASS [   0.010s] (1578/2083) api-server routes::self_hosted_bounces::tests::test_parse_smtp_response_hard_bounce
        PASS [   0.010s] (1579/2083) api-server routes::self_hosted_bounces::tests::test_parse_smtp_response_soft_bounce
        PASS [   0.010s] (1580/2083) api-server routes::self_hosted_bounces::tests::verp_bounce_disposition_rejects_unknown_and_mismatched_messages
        PASS [   0.011s] (1581/2083) api-server routes::self_hosted_bounces::tests::verp_return_path_regex_anchors_to_the_platform_domain
        PASS [   0.534s] (1582/2083) api-server routes::self_hosted_bounces::tests::forged_bounce_with_mismatched_verp_tenant_does_not_suppress
        PASS [   0.019s] (1583/2083) api-server routes::ses_notifications::adversarial_handler_tests::analytics_event_insert_reports_replays
        PASS [   2.282s] (1584/2083) api-server routes::self_hosted_bounces::processor_tests::smtp_soft_bounce_records_without_suppressing
        PASS [   2.437s] (1585/2083) api-server routes::self_hosted_bounces::processor_tests::smtp_hard_bounce_records_event_and_suppresses
        PASS [   2.452s] (1586/2083) api-server routes::self_hosted_bounces::processor_tests::fbl_complaint_suppresses_and_accumulates_metrics
        PASS [   0.730s] (1587/2083) api-server routes::ses_notifications::adversarial_handler_tests::complaint_processing_suppresses_and_records_the_feedback_type
        PASS [   0.013s] (1588/2083) api-server routes::ses_notifications::adversarial_handler_tests::malformed_signing_certificates_are_refused_deterministically
        PASS [   1.256s] (1589/2083) api-server routes::self_hosted_bounces::tests::legitimate_dsn_suppresses_the_queued_recipient_not_planted_one
        PASS [   0.371s] (1590/2083) api-server routes::ses_notifications::adversarial_handler_tests::engagement_without_a_provider_message_id_is_retried
        PASS [   0.403s] (1591/2083) api-server routes::ses_notifications::adversarial_handler_tests::notification_dispatch_ignores_send_reject_and_unknown_event_types
        PASS [   0.750s] (1592/2083) api-server routes::ses_notifications::adversarial_handler_tests::delivery_confirmation_stamps_the_recipient_once_and_reconciles
        PASS [   5.818s] (1593/2083) api-server routes::notification_drain::tests::pending_notification_is_delivered_to_the_owner_and_marked_sent
        PASS [   0.013s] (1594/2083) api-server routes::ses_notifications::adversarial_handler_tests::signing_certificate_url_rules_are_exact
        PASS [   0.640s] (1595/2083) api-server routes::ses_notifications::adversarial_handler_tests::open_and_click_replays_do_not_double_count
        PASS [   1.002s] (1596/2083) api-server routes::ses_notifications::adversarial_handler_tests::hard_bounce_suppresses_the_stored_tenant_and_never_a_spoofed_header
        PASS [   0.012s] (1597/2083) api-server routes::ses_notifications::tests::attribution_resolves_through_the_stored_mapping_only
        PASS [   0.011s] (1598/2083) api-server routes::ses_notifications::tests::delivery_persistence_targets_the_recipient_record_not_a_missing_column
        PASS [   0.011s] (1599/2083) api-server routes::ses_notifications::tests::diagnostic_identity_lookup_matches_case_insensitive_aliases
        PASS [   0.011s] (1600/2083) api-server routes::ses_notifications::tests::ses_event_ids_are_deterministic_and_bounded
        PASS [   0.012s] (1601/2083) api-server routes::ses_notifications::tests::ses_event_timestamps_use_the_actual_event_time
        PASS [   1.902s] (1602/2083) api-server routes::ses_notifications::adversarial_handler_tests::a_processing_failure_leaves_no_marker_so_sns_can_retry
        PASS [   0.014s] (1603/2083) api-server routes::ses_notifications::tests::sns_timestamp_freshness_accepts_current_timestamp
        PASS [   0.013s] (1604/2083) api-server routes::ses_notifications::tests::sns_timestamp_freshness_rejects_old_and_far_future_timestamps
        PASS [   0.012s] (1605/2083) api-server routes::ses_notifications::tests::test_build_sns_string_to_sign_notification_includes_subject
        PASS [   0.012s] (1606/2083) api-server routes::ses_notifications::tests::test_extract_apexmail_header_missing
        PASS [   0.011s] (1607/2083) api-server routes::ses_notifications::tests::test_extract_apexmail_header_no_headers
        PASS [   0.011s] (1608/2083) api-server routes::ses_notifications::tests::test_normalize_message_id_strips_prefix
        PASS [   0.012s] (1609/2083) api-server routes::ses_notifications::tests::test_parse_ses_bounce_event
        PASS [   0.012s] (1610/2083) api-server routes::ses_notifications::tests::test_parse_ses_complaint_event
        PASS [   0.011s] (1611/2083) api-server routes::ses_notifications::tests::test_parse_ses_delivery_event
        PASS [   0.012s] (1612/2083) api-server routes::ses_notifications::tests::test_parse_ses_open_and_click_events
        PASS [   0.012s] (1613/2083) api-server routes::ses_notifications::tests::test_parse_sns_notification_with_ses_event
        PASS [   0.013s] (1614/2083) api-server routes::ses_notifications::tests::test_parse_sns_subscription_confirmation
        PASS [   0.013s] (1615/2083) api-server routes::ses_notifications::tests::test_validate_signing_cert_url_rejects_non_aws_host
        PASS [   0.012s] (1616/2083) api-server routes::ses_notifications::tests::test_validate_sns_topic_arn_requires_configuration
        PASS [   0.548s] (1617/2083) api-server routes::ses_notifications::adversarial_handler_tests::soft_bounce_and_unattributed_events_write_only_what_is_provable
        PASS [   0.012s] (1618/2083) api-server routes::session::tests::impersonation_lifetime_cap_arithmetic
        PASS [   0.625s] (1619/2083) api-server routes::ses_notifications::adversarial_handler_tests::webhook_queue_failure_never_fails_a_committed_notification
        PASS [   1.677s] (1620/2083) api-server routes::ses_notifications::adversarial_handler_tests::signed_unsubscribe_is_processed_once_and_replays_are_noops
        PASS [   1.532s] (1621/2083) api-server routes::ses_notifications::tests::test_verify_sns_signature_with_generated_key
        PASS [   2.491s] (1622/2083) api-server routes::ses_notifications::adversarial_handler_tests::unsigned_and_malformed_notifications_are_refused_with_nothing_written
        PASS [   2.005s] (1623/2083) api-server routes::session::tests::introspection_tests::e2e_bypass_admits_the_matching_key_and_refuses_a_wrong_one
        PASS [   3.052s] (1624/2083) api-server routes::ses_notifications::tests::sns_signing_cert_cache_roundtrips_and_respects_cap
        PASS [   2.807s] (1625/2083) api-server routes::session::tests::introspection_tests::impersonation_cookie_revalidates_to_an_authenticated_report
        PASS [   2.773s] (1626/2083) api-server routes::session::tests::introspection_tests::introspection_admits_current_sessions
        PASS [   0.011s] (1627/2083) api-server routes::session::tests::session_payload_with_token_id_deserializes
        PASS [   0.010s] (1628/2083) api-server routes::session::tests::session_token_expired_is_rejected
        PASS [   0.010s] (1629/2083) api-server routes::session::tests::session_token_without_expiry_is_rejected
        PASS [   0.010s] (1630/2083) api-server routes::session::tests::session_token_wrong_signature_is_rejected
        PASS [   0.010s] (1631/2083) api-server routes::session::tests::test_constant_time_eq
        PASS [   0.010s] (1632/2083) api-server routes::session::tests::test_e2e_bypass_enabled_only_for_debug_non_production
        PASS [   0.010s] (1633/2083) api-server routes::session::tests::test_extract_cookie
        PASS [   0.224s] (1634/2083) api-server routes::sso::adversarial_handler_tests::callbacks_refuse_denied_missing_and_mismatched_state
        PASS [   8.483s] (1635/2083) api-server routes::self_hosted_bounces::processor_tests::processor_surfaces_database_outages_instead_of_success
        PASS [   2.078s] (1636/2083) api-server routes::session::tests::introspection_tests::revalidation_fails_closed_when_redis_is_unreachable
        PASS [   3.086s] (1637/2083) api-server routes::session::tests::introspection_tests::introspection_reports_inactive_users_and_accepts_bearer_tokens
        PASS [   0.547s] (1638/2083) api-server routes::sso::adversarial_handler_tests::complete_sso_login_fails_honestly_when_the_signing_key_is_broken
        PASS [   4.229s] (1639/2083) api-server routes::session::tests::introspection_tests::introspection_enforces_the_absolute_session_lifetime
        PASS [   6.747s] (1640/2083) api-server routes::ses_notifications::adversarial_handler_tests::signature_verification_matrix_refuses_every_malformed_shape
        PASS [   0.013s] (1641/2083) api-server routes::sso::adversarial_handler_tests::oauth_state_validation_matrix
        PASS [   0.012s] (1642/2083) api-server routes::sso::adversarial_handler_tests::redirect_sanitizer_rejects_every_escape_shape
        PASS [   0.229s] (1643/2083) api-server routes::sso::adversarial_handler_tests::sso_initiation_redirects_with_a_signed_state_cookie
        PASS [   0.227s] (1644/2083) api-server routes::sso::adversarial_handler_tests::sso_initiation_requires_configured_providers
        PASS [   0.015s] (1645/2083) api-server routes::sso::adversarial_handler_tests::state_cookie_helpers_refuse_header_injection
        PASS [   0.014s] (1646/2083) api-server routes::sso::adversarial_handler_tests::viewer_and_unknown_role_scope_sets_are_bounded
        PASS [   0.014s] (1647/2083) api-server routes::sso::sanitizer_and_token_tests::github_email_selection_never_trusts_unverified_addresses
        PASS [   0.013s] (1648/2083) api-server routes::sso::sanitizer_and_token_tests::google_email_verified_accepts_true_and_one
        PASS [   0.013s] (1649/2083) api-server routes::sso::sanitizer_and_token_tests::google_token_accepts_the_canonical_shape
        PASS [   0.014s] (1650/2083) api-server routes::sso::sanitizer_and_token_tests::google_token_rejects_mismatched_audience_issuer_expiry_and_identity
        PASS [   0.013s] (1651/2083) api-server routes::sso::sanitizer_and_token_tests::oauth_state_round_trips_the_return_path
        PASS [   0.015s] (1652/2083) api-server routes::sso::sanitizer_and_token_tests::oauth_state_validation_binds_cookie_and_query
        PASS [   0.013s] (1653/2083) api-server routes::sso::sanitizer_and_token_tests::sanitize_redirect_allows_safe_relative_paths
        PASS [   0.014s] (1654/2083) api-server routes::sso::sanitizer_and_token_tests::sanitize_redirect_falls_back_to_dashboard_for_unsafe_input
        PASS [   0.013s] (1655/2083) api-server routes::sso::sanitizer_and_token_tests::sanitize_redirect_rejects_control_characters_raw_and_encoded
        PASS [   0.014s] (1656/2083) api-server routes::sso::tests::github_email_selection_accepts_profile_email_matching_a_verified_entry
        PASS [   0.012s] (1657/2083) api-server routes::sso::tests::github_email_selection_all_unverified_yields_none
        PASS [   0.013s] (1658/2083) api-server routes::sso::tests::github_email_selection_empty_list_yields_none
        PASS [   0.013s] (1659/2083) api-server routes::sso::tests::github_email_selection_falls_back_to_first_verified
        PASS [   0.011s] (1660/2083) api-server routes::sso::tests::github_email_selection_ignores_unverified_profile_email
        PASS [   0.012s] (1661/2083) api-server routes::sso::tests::github_email_selection_never_returns_unverified_primary
        PASS [   0.012s] (1662/2083) api-server routes::sso::tests::github_email_selection_prefers_verified_primary
        PASS [   0.013s] (1663/2083) api-server routes::sso::tests::github_email_selection_skips_verified_entries_without_an_address
        PASS [   0.012s] (1664/2083) api-server routes::sso::tests::jwks_staleness_tracks_the_cache_ttl
        PASS [   1.698s] (1665/2083) api-server routes::sso::adversarial_handler_tests::complete_sso_login_gates_inactive_and_mfa_accounts
        PASS [   1.454s] (1666/2083) api-server routes::sso::adversarial_handler_tests::complete_sso_login_refuses_unverified_email_without_a_link
        PASS [   3.697s] (1667/2083) api-server routes::session::tests::introspection_tests::revalidation_refuses_tampered_stale_and_orphaned_sessions
        PASS [   1.740s] (1668/2083) api-server routes::sso::adversarial_handler_tests::complete_sso_login_provisions_a_new_tenant_and_user
        PASS [   0.013s] (1669/2083) api-server routes::sso::tests::test_clear_state_cookie_no_secure_in_dev
        PASS [   0.013s] (1670/2083) api-server routes::sso::tests::test_clear_state_cookie_sets_max_age_zero
        PASS [   0.011s] (1671/2083) api-server routes::sso::tests::test_encode_uri_component_encodes_special_chars
        PASS [   0.012s] (1672/2083) api-server routes::sso::tests::test_encode_uri_component_preserves_alphanumeric
        PASS [   0.012s] (1673/2083) api-server routes::sso::tests::test_generate_oauth_state
        PASS [   0.012s] (1674/2083) api-server routes::sso::tests::test_generate_oauth_state_has_base64_token
        PASS [   0.013s] (1675/2083) api-server routes::sso::tests::test_generate_oauth_state_produces_unique_tokens
        PASS [   0.012s] (1676/2083) api-server routes::sso::tests::test_generate_oauth_state_rejects_external_url
        PASS [   0.012s] (1677/2083) api-server routes::sso::tests::test_generate_oauth_state_round_trip
        PASS [   0.012s] (1678/2083) api-server routes::sso::tests::test_google_email_verified_empty
        PASS [   0.013s] (1679/2083) api-server routes::sso::tests::test_google_email_verified_false
        PASS [   0.012s] (1680/2083) api-server routes::sso::tests::test_google_email_verified_no
        PASS [   0.013s] (1681/2083) api-server routes::sso::tests::test_google_email_verified_none
        PASS [   0.013s] (1682/2083) api-server routes::sso::tests::test_google_email_verified_numeric_0
        PASS [   0.012s] (1683/2083) api-server routes::sso::tests::test_google_email_verified_numeric_1
        PASS [   0.013s] (1684/2083) api-server routes::sso::tests::test_google_email_verified_true
        PASS [   0.012s] (1685/2083) api-server routes::sso::tests::test_google_email_verified_true_uppercase
        PASS [   0.013s] (1686/2083) api-server routes::sso::tests::test_google_token_exchange_response_deserialize
        PASS [   0.012s] (1687/2083) api-server routes::sso::tests::test_google_token_info_response_deserialize
        PASS [   0.012s] (1688/2083) api-server routes::sso::tests::test_oauth_callback_query_empty
        PASS [   0.013s] (1689/2083) api-server routes::sso::tests::test_oauth_callback_query_with_code_and_state
        PASS [   0.014s] (1690/2083) api-server routes::sso::tests::test_oauth_callback_query_with_error
        PASS [   0.012s] (1691/2083) api-server routes::sso::tests::test_redirect_from_oauth_state
        PASS [   0.012s] (1692/2083) api-server routes::sso::tests::test_redirect_from_oauth_state_empty_after_colon
        PASS [   0.012s] (1693/2083) api-server routes::sso::tests::test_redirect_from_oauth_state_multiple_colons
        PASS [   0.012s] (1694/2083) api-server routes::sso::tests::test_redirect_from_oauth_state_no_colon_at_all
        PASS [   0.013s] (1695/2083) api-server routes::sso::tests::test_sanitize_redirect
        PASS [   0.012s] (1696/2083) api-server routes::sso::tests::test_sanitize_redirect_deep_path
        PASS [   0.012s] (1697/2083) api-server routes::sso::tests::test_sanitize_redirect_rejects_double_slash_prefix
        PASS [   0.012s] (1698/2083) api-server routes::sso::tests::test_sanitize_redirect_treats_single_char_as_relative
        PASS [   0.013s] (1699/2083) api-server routes::sso::tests::test_set_state_cookie_includes_name_and_value
        PASS [   0.013s] (1700/2083) api-server routes::sso::tests::test_set_state_cookie_no_secure_in_dev
        PASS [   0.012s] (1701/2083) api-server routes::sso::tests::test_sso_init_query_all_params
        PASS [   0.011s] (1702/2083) api-server routes::sso::tests::test_sso_init_query_next
        PASS [   0.013s] (1703/2083) api-server routes::sso::tests::test_sso_init_query_next_preferred_over_return_url
        PASS [   0.014s] (1704/2083) api-server routes::sso::tests::test_sso_init_query_return_url
        PASS [   0.013s] (1705/2083) api-server routes::sso::tests::tokeninfo_fallback_defaults_off
        PASS [   0.014s] (1706/2083) api-server routes::sso::tests::validate_google_token_info_accepts_accounts_dot_com_issuer
        PASS [   0.013s] (1707/2083) api-server routes::sso::tests::validate_google_token_info_accepts_expected_claims
        PASS [   0.013s] (1708/2083) api-server routes::sso::tests::validate_google_token_info_accepts_name_optional
        PASS [   0.015s] (1709/2083) api-server routes::sso::tests::validate_google_token_info_rejects_empty_email
        PASS [   0.014s] (1710/2083) api-server routes::sso::tests::validate_google_token_info_rejects_empty_sub
        PASS [   0.012s] (1711/2083) api-server routes::sso::tests::validate_google_token_info_rejects_expired_token
        PASS [   0.014s] (1712/2083) api-server routes::sso::tests::validate_google_token_info_rejects_missing_email
        PASS [   0.015s] (1713/2083) api-server routes::sso::tests::validate_google_token_info_rejects_missing_expiry
        PASS [   0.013s] (1714/2083) api-server routes::sso::tests::validate_google_token_info_rejects_missing_sub
        PASS [   0.013s] (1715/2083) api-server routes::sso::tests::validate_google_token_info_rejects_unverified_email
        PASS [   0.012s] (1716/2083) api-server routes::sso::tests::validate_google_token_info_rejects_wrong_audience
        PASS [   0.012s] (1717/2083) api-server routes::sso::tests::validate_google_token_info_rejects_wrong_issuer
        PASS [   3.123s] (1718/2083) api-server routes::sso::adversarial_handler_tests::complete_sso_login_binds_identity_first_and_survives_email_changes
        PASS [   5.915s] (1719/2083) api-server routes::session::tests::introspection_tests::introspection_reports_revoked_sessions_as_unauthenticated
        PASS [   1.346s] (1720/2083) api-server routes::sso::tests::jwks_verification_enforces_audience_issuer_expiry_and_verification
        PASS [   1.718s] (1721/2083) api-server routes::stream_tokens::adversarial_tests::an_unusable_signing_key_surfaces_as_internal_error
        PASS [   3.136s] (1722/2083) api-server routes::sso::adversarial_handler_tests::identity_link_wins_over_a_matching_email_on_another_account
        PASS [   0.013s] (1723/2083) api-server routes::stream_tokens::tests::test_default_ttl
        PASS [   0.011s] (1724/2083) api-server routes::stream_tokens::tests::test_request_defaults_ttl_when_absent
        PASS [   0.011s] (1725/2083) api-server routes::stream_tokens::tests::test_ttl_clamping
        PASS [   0.526s] (1726/2083) api-server routes::support::adversarial_tests::ticket_crud_is_tenant_scoped_and_ids_are_canonical_length
        PASS [   0.520s] (1727/2083) api-server routes::support::adversarial_tests::ticket_messages_bound_bodies_and_tenant_guard
        PASS [   0.012s] (1728/2083) api-server routes::support::adversarial_tests::unknown_fields_and_default_priority_deserialize
        PASS [   0.010s] (1729/2083) api-server routes::support::tests::test_create_ticket_request_deser
        PASS [   0.013s] (1730/2083) api-server routes::support::tests::test_ticket_response_serialisation
        PASS [   3.508s] (1731/2083) api-server routes::stream_tokens::adversarial_tests::api_key_identities_mint_tokens_scoped_to_the_key
        PASS [   4.030s] (1732/2083) api-server routes::sso::tests::jwks_verification_distinguishes_unknown_keys_from_bad_tokens
        PASS [   3.436s] (1733/2083) api-server routes::stream_tokens::adversarial_tests::issues_a_scoped_rs256_stream_token_for_a_session
        PASS [   3.008s] (1734/2083) api-server routes::stream_tokens::adversarial_tests::token_issuance_requires_the_messages_read_scope
        PASS [   4.990s] (1735/2083) api-server routes::sso::tests::jwks_verification_accepts_a_wellformed_google_token
        PASS [   4.964s] (1736/2083) api-server routes::stream_tokens::adversarial_tests::ttl_is_clamped_into_the_documented_range
        PASS [   3.043s] (1737/2083) api-server routes::suppressions::adversarial_tests::bulk_suppress_chunk_failure_is_logged_not_counted_as_created
        PASS [   1.513s] (1738/2083) api-server routes::suppressions::adversarial_tests::suppressions_require_scopes
        PASS [   0.013s] (1739/2083) api-server routes::suppressions::tests::test_bulk_response_serialisation
        PASS [   0.012s] (1740/2083) api-server routes::suppressions::tests::test_canonical_email_trims_and_lowercases
        PASS [   2.127s] (1741/2083) api-server routes::suppressions::adversarial_tests::suppression_validation_refusals
        PASS [   0.011s] (1742/2083) api-server routes::suppressions::tests::test_check_response_not_suppressed
        PASS [   2.451s] (1743/2083) api-server routes::suppressions::adversarial_tests::complaint_and_unsubscribe_suppressions_cannot_be_deleted
        PASS [   0.011s] (1744/2083) api-server routes::suppressions::tests::test_check_response_suppressed
        PASS [   0.013s] (1745/2083) api-server routes::suppressions::tests::test_prepare_bulk_entries_counts_casefolded_duplicates
        PASS [   0.012s] (1746/2083) api-server routes::suppressions::tests::test_prepare_bulk_entries_rejects_overlong_reasons_as_invalid
        PASS [   0.010s] (1747/2083) api-server routes::suppressions::tests::test_validate_reason_source_matches_column_widths
        PASS [   0.010s] (1748/2083) api-server routes::system_sender::tests::platform_sender_identity_is_consistent
        PASS [   0.011s] (1749/2083) api-server routes::system_sender::tests::malformed_selector_is_not_ready
        PASS [   0.010s] (1750/2083) api-server routes::telemetry::tests::test_sanitize_log_string
        PASS [   0.009s] (1751/2083) api-server routes::telemetry::tests::test_sanitize_log_string_multibyte_boundary_does_not_panic
        PASS [   0.010s] (1752/2083) api-server routes::telemetry::tests::test_sanitize_status
        PASS [   2.500s] (1753/2083) api-server routes::suppressions::adversarial_tests::bulk_suppress_counts_created_duplicates_and_invalid
        PASS [   0.011s] (1754/2083) api-server routes::templates::adversarial_tests::substitution_escapes_values_and_preserves_unknown_placeholders
        PASS [   0.010s] (1755/2083) api-server routes::templates::tests::test_substitute_escapes_values_and_keeps_missing_placeholders_verbatim
        PASS [   0.010s] (1756/2083) api-server routes::templates::tests::test_substitute_multiple
        PASS [   0.010s] (1757/2083) api-server routes::templates::tests::test_substitute_simple
        PASS [   0.011s] (1758/2083) api-server routes::templates::tests::test_template_response_serialisation
        PASS [   0.009s] (1759/2083) api-server routes::tests::query_literal_extractor_survives_degenerate_sources
        PASS [   0.009s] (1760/2083) api-server routes::tests::tenant_scope_classification_is_exact
        PASS [   0.010s] (1761/2083) api-server routes::tracking_domains::tests::cname_target_derives_from_the_tracking_base_url
        PASS [   0.020s] (1762/2083) api-server routes::tests::tenant_scoped_route_queries_enforce_tenant_id_filters
        PASS [   0.011s] (1763/2083) api-server routes::tracking_domains::tests::normalise_strips_root_dot_and_case
        PASS [   2.502s] (1764/2083) api-server routes::suppressions::adversarial_tests::suppression_lifecycle_create_check_list_delete
        PASS [   0.012s] (1765/2083) api-server routes::tracking_domains::tests::tracking_domain_syntax_policy
        PASS [   0.545s] (1766/2083) api-server routes::templates::adversarial_tests::free_plan_write_is_403_and_unknown_tenant_is_404
        PASS [   0.670s] (1767/2083) api-server routes::templates::adversarial_tests::crud_flow_versions_rollback_and_tenant_isolation
        PASS [   5.734s] (1768/2083) api-server routes::stream_tokens::adversarial_tests::unknown_body_fields_are_rejected
        PASS [   0.011s] (1769/2083) api-server routes::web::adversarial_auth_outage_tests::captcha_failure_messages_never_leak_internals
        PASS [   1.463s] (1770/2083) api-server routes::templates::tests::save_twice_then_rollback_to_v1_returns_v1_content
        PASS [   0.422s] (1771/2083) api-server routes::web::adversarial_auth_outage_tests::find_user_by_email_surfaces_storage_errors
        PASS [   0.421s] (1772/2083) api-server routes::web::adversarial_auth_outage_tests::forgot_password_outage_keeps_the_neutral_anti_enumeration_flash
        PASS [   0.423s] (1773/2083) api-server routes::web::adversarial_auth_outage_tests::mfa_verify_without_storage_never_issues_a_session
        PASS [   0.628s] (1774/2083) api-server routes::web::adversarial_auth_outage_tests::login_forms_degrade_to_friendly_flashes_without_storage
        PASS [   1.956s] (1775/2083) api-server routes::tracking_domains::tests::verify_with_unresolvable_target_keeps_state
        PASS [   2.659s] (1776/2083) api-server routes::tracking_domains::tests::create_requires_the_custom_tracking_domain_entitlement
        PASS [   2.303s] (1777/2083) api-server routes::tracking_domains::tests::verify_reports_a_dns_outage_as_503_without_state_change
        PASS [   2.805s] (1778/2083) api-server routes::tracking_domains::tests::tracking_domain_policy_refusals_are_named
        PASS [   2.835s] (1779/2083) api-server routes::tracking_domains::tests::entitled_tenant_lifecycle_create_records_verify_delete
        PASS [   2.847s] (1780/2083) api-server routes::tracking_domains::tests::tracking_domains_are_tenant_isolated_and_delete_is_ungated
        PASS [   0.427s] (1781/2083) api-server routes::web::adversarial_auth_outage_tests::resend_verification_outage_keeps_the_neutral_anti_enumeration_flash
        PASS [   0.012s] (1782/2083) api-server routes::web::adversarial_outage_tests::contact_csv_parser_marks_missing_email_and_blank_rows
        PASS [   0.651s] (1783/2083) api-server routes::web::adversarial_auth_outage_tests::password_login_reports_signing_failure_instead_of_a_broken_session
        PASS [   0.220s] (1784/2083) api-server routes::web::adversarial_outage_tests::billing_forms_fail_closed_without_reaching_a_provider
        PASS [   0.427s] (1785/2083) api-server routes::web::adversarial_auth_outage_tests::signup_never_claims_success_without_storage
        PASS [   0.222s] (1786/2083) api-server routes::web::adversarial_outage_tests::contacts_import_rejects_an_unusable_upload_without_storage
        PASS [   0.426s] (1787/2083) api-server routes::web::adversarial_auth_outage_tests::webhook_form_rejects_ssrf_targets_even_without_storage
        PASS [   0.015s] (1788/2083) api-server routes::web::adversarial_outage_tests::oversized_and_unsupported_bodies_are_refused_without_parsing
        PASS [   0.221s] (1789/2083) api-server routes::web::adversarial_outage_tests::destructive_confirm_refuses_a_missing_or_tampered_signature
        PASS [   0.010s] (1790/2083) api-server routes::web::adversarial_outage_tests::role_scope_sets_are_exact
        PASS [   0.009s] (1791/2083) api-server routes::web::adversarial_outage_tests::stub_flash_banner_escapes_and_labels_every_kind
        PASS [   0.829s] (1792/2083) api-server routes::web::adversarial_auth_outage_tests::signup_and_recovery_forms_degrade_without_storage
        PASS [   0.010s] (1793/2083) api-server routes::web::adversarial_outage_tests::urlencoded_and_multipart_parsers_survive_malformed_input
        PASS [   0.197s] (1794/2083) api-server routes::web::adversarial_outage_tests::unique_violation_detection_is_sqlstate_based
        PASS [   0.628s] (1795/2083) api-server routes::web::adversarial_outage_tests::list_forms_degrade_to_error_flashes_when_storage_is_down
        PASS [   0.828s] (1796/2083) api-server routes::web::adversarial_outage_tests::credential_forms_degrade_to_error_flashes_when_storage_is_down
        PASS [   0.503s] (1797/2083) api-server routes::web::adversarial_outage_tests::password_hash_verification_supports_bcrypt_argon2_and_rejects_unknown
        PASS [   1.033s] (1798/2083) api-server routes::web::adversarial_outage_tests::export_and_domain_forms_fail_closed_when_storage_is_down
        PASS [   1.231s] (1799/2083) api-server routes::web::adversarial_outage_tests::content_forms_degrade_to_error_flashes_when_storage_is_down
        PASS [   0.714s] (1800/2083) api-server routes::web::coverage_auth_admin_tests::admin_forms_manage_tenants_operators_alerts_and_gdpr
        PASS [   0.527s] (1801/2083) api-server routes::web::coverage_auth_admin_tests::api_key_and_webhook_forms_validate_and_persist
        PASS [   1.581s] (1802/2083) api-server routes::web::coverage_auth_admin_tests::router_session_gate_bounces_anonymous_and_customer_sessions
        PASS [   3.014s] (1803/2083) api-server routes::web::adversarial_outage_tests::account_forms_degrade_to_error_flashes_when_storage_is_down
        PASS [   1.479s] (1804/2083) api-server routes::web::coverage_auth_admin_tests::team_invite_enforces_role_and_identity_rules
        PASS [   5.096s] (1805/2083) api-server routes::web::coverage_auth_admin_tests::ato_ssr_disabled_is_indistinguishable_from_low_risk
        PASS [   0.670s] (1806/2083) api-server routes::web::coverage_handler_tests::campaign_lifecycle_wiring_and_destructive_confirms_are_scoped
        PASS [   0.557s] (1807/2083) api-server routes::web::coverage_handler_tests::contacts_import_parses_batches_dedupes_and_caps
        PASS [   4.761s] (1808/2083) api-server routes::web::coverage_auth_admin_tests::signup_forgot_and_reset_password_round_trip
        PASS [   0.673s] (1809/2083) api-server routes::web::coverage_handler_tests::csv_exports_neutralise_formulas_and_escape_headers
        PASS [   7.184s] (1810/2083) api-server routes::web::coverage_auth_admin_tests::ato_ssr_high_risk_refusal_is_byte_identical_to_wrong_password
        PASS [   6.790s] (1811/2083) api-server routes::web::coverage_auth_admin_tests::sales_engine_forms_fail_closed_without_a_reachable_engine
        PASS [   0.520s] (1812/2083) api-server routes::web::coverage_handler_tests::detail_routes_previews_and_response_helpers_are_script_free
        PASS [   0.013s] (1813/2083) api-server routes::web::data::coverage_loader_tests::aggregate_and_format_helpers_render_honestly
        PASS [   0.011s] (1814/2083) api-server routes::web::data::coverage_loader_tests::api_key_state_classifies_revocation_and_expiry
        PASS [   0.227s] (1815/2083) api-server routes::web::coverage_handler_tests::unsigned_posts_are_bounced_with_the_session_expired_flash
        PASS [   0.602s] (1816/2083) api-server routes::web::coverage_handler_tests::list_edit_and_detail_render_the_real_row
        PASS [   0.671s] (1817/2083) api-server routes::web::coverage_handler_tests::tenant_resource_forms_validate_and_scope_every_write
        PASS [   0.226s] (1818/2083) api-server routes::web::data::coverage_loader_tests::load_page_data_unknown_surfaces_paths_and_users_degrade_to_default
        PASS [   4.725s] (1819/2083) api-server routes::web::coverage_detail_session_tests::detail_routes_resolve_the_browser_session_and_scope_ids
        PASS [   0.698s] (1820/2083) api-server routes::web::data::coverage_loader_tests::detail_loaders_render_own_tenant_only
        PASS [   0.014s] (1821/2083) api-server routes::web::data::coverage_loader_tests::load_state_helpers_never_fabricate_values
        PASS [   0.013s] (1822/2083) api-server routes::web::data::coverage_loader_tests::outstanding_kpis_cover_empty_loaded_and_unavailable
        PASS [   0.012s] (1823/2083) api-server routes::web::data::coverage_loader_tests::parse_list_query_rejects_hostile_values_and_duplicates
        PASS [   0.012s] (1824/2083) api-server routes::web::data::coverage_loader_tests::relative_time_boundaries_and_future_timestamps
        PASS [   0.012s] (1825/2083) api-server routes::web::data::coverage_loader_tests::time_cell_renders_the_semantic_timestamp_policy
        PASS [   0.012s] (1826/2083) api-server routes::web::data::coverage_loader_tests::transfer_suggestion_page_renders_every_field
        PASS [   0.013s] (1827/2083) api-server routes::web::data::coverage_loader_tests::urlencode_and_filter_query_round_trip_hostile_values
        PASS [   0.839s] (1828/2083) api-server routes::web::data::coverage_loader_tests::cp_loaders_render_seeded_global_rows
        PASS [   8.200s] (1829/2083) api-server routes::web::coverage_auth_admin_tests::ato_ssr_medium_risk_flags_unenrolled_and_challenges_enrolled
        PASS [   0.013s] (1830/2083) api-server routes::web::data::coverage_residual_tests::campaign_detail_page_covers_audience_and_filter_edges
        PASS [   0.013s] (1831/2083) api-server routes::web::data::coverage_residual_tests::missing_columns_are_reported_pairwise
        PASS [   0.663s] (1832/2083) api-server routes::web::data::coverage_loader_tests::load_query_requirement_and_schema_probe_behave_honestly
        PASS [   0.013s] (1833/2083) api-server routes::web::data::tests::api_key_states_distinguish_active_expired_revoked
        PASS [   0.013s] (1834/2083) api-server routes::web::data::tests::api_keys_sql_selects_only_schema_columns
        PASS [   0.013s] (1835/2083) api-server routes::web::data::tests::billing_sql_reads_canonical_invoice_columns
        PASS [   0.013s] (1836/2083) api-server routes::web::data::tests::correlation_ids_are_unique_and_monotonic
        PASS [   0.013s] (1837/2083) api-server routes::web::data::tests::cp_sales_autopilot_uses_the_shared_control_read_model
        PASS [   9.187s] (1838/2083) api-server routes::web::coverage_auth_admin_tests::account_settings_forms_update_the_calling_user_only
        PASS [   0.013s] (1839/2083) api-server routes::web::data::tests::filter_query_preserves_active_filters
        PASS [   0.012s] (1840/2083) api-server routes::web::data::tests::format_cents_carries_its_own_currency
        PASS [   0.013s] (1841/2083) api-server routes::web::data::tests::like_metacharacters_are_escaped_in_bindings
        PASS [   0.013s] (1842/2083) api-server routes::web::data::tests::list_query_parses_search_filter_sort_and_page
        PASS [   0.012s] (1843/2083) api-server routes::web::data::tests::load_state_keeps_unavailable_distinct_from_empty
        PASS [   0.014s] (1844/2083) api-server routes::web::data::tests::loaders_paginate_operators_and_render_domain_status
        PASS [   0.611s] (1845/2083) api-server routes::web::data::coverage_loader_tests::web_loader_query_attacks_are_clamped_escaped_and_never_injected
        PASS [   0.012s] (1846/2083) api-server routes::web::data::tests::nodes_sql_decodes_uuid_id_and_inet_address
        PASS [   0.012s] (1847/2083) api-server routes::web::data::tests::optional_datasets_tolerate_only_missing_schema
        PASS [   0.013s] (1848/2083) api-server routes::web::data::tests::outstanding_kpis_separate_currencies_and_never_fabricate_zeroes
        PASS [   0.014s] (1849/2083) api-server routes::web::data::tests::outstanding_summary_consults_the_shared_allocation_aware_balance
        PASS [   0.012s] (1850/2083) api-server routes::web::data::tests::paging_clamps_to_bounds
        PASS [   0.013s] (1851/2083) api-server routes::web::data::tests::queue_health_uses_depth_and_age_thresholds
        PASS [   0.014s] (1852/2083) api-server routes::web::data::tests::rates_render_honestly_without_data
        PASS [   0.013s] (1853/2083) api-server routes::web::data::tests::relative_time_renders_human_buckets
        PASS [   0.013s] (1854/2083) api-server routes::web::data::tests::required_datasets_map_schema_errors_to_unavailable
        PASS [   0.012s] (1855/2083) api-server routes::web::data::tests::required_schema_manifest_covers_the_financial_datasets
        PASS [   0.013s] (1856/2083) api-server routes::web::data::tests::required_schema_names_match_the_canonical_migrations
        PASS [   0.811s] (1857/2083) api-server routes::web::data::coverage_loader_tests::web_loaders_render_seeded_rows_and_isolate_the_other_tenant
        PASS [   0.011s] (1858/2083) api-server routes::web::data::tests::status_whitelist_rejects_unknown_values
        PASS [   0.010s] (1859/2083) api-server routes::web::data::tests::unavailable_copy_is_distinct_from_honest_empty_state
        PASS [   0.011s] (1860/2083) api-server routes::web::data::tests::where_builder_positions_binds_in_order
        PASS [   0.425s] (1861/2083) api-server routes::web::deferred_feature_tests::campaign_detail_counts_only_this_campaigns_events
        PASS [   0.845s] (1862/2083) api-server routes::web::data::tests::domains_loader_renders_the_filtered_status
        PASS [   9.352s] (1863/2083) api-server routes::web::coverage_auth_admin_tests::login_flows_verify_password_status_email_and_mfa
        PASS [   1.004s] (1864/2083) api-server routes::web::data::tests::operators_loader_paginates_all_rows
        PASS [   0.374s] (1865/2083) api-server routes::web::deferred_feature_tests::confirm_expiry_and_tamper_are_refused
        PASS [   0.423s] (1866/2083) api-server routes::web::deferred_feature_tests::campaign_stats_failure_is_unavailable_not_zero
        PASS [   0.010s] (1867/2083) api-server routes::web::deferred_feature_tests::favicon_layout_links_carry_the_shared_inline_svg
        PASS [   0.383s] (1868/2083) api-server routes::web::deferred_feature_tests::contact_edit_persists_with_prg
        PASS [   0.375s] (1869/2083) api-server routes::web::deferred_feature_tests::contact_edit_refuses_tampered_status_and_foreign_ids
        PASS [   0.475s] (1870/2083) api-server routes::web::deferred_feature_tests::impersonation_start_refuses_non_owners_and_missing_tenants
        PASS [   0.512s] (1871/2083) api-server routes::web::deferred_feature_tests::owner_starts_impersonation_from_the_tenants_list_and_end_works
        PASS [   1.702s] (1872/2083) api-server routes::web::data::tests::ssr_sales_snapshot_agrees_with_the_control_read_model_field_by_field
        PASS [   0.413s] (1873/2083) api-server routes::web::deferred_feature_tests::resend_verification_is_anti_enumeration
        PASS [   0.011s] (1874/2083) api-server routes::web::deferred_feature_tests::scheduled_campaigns_say_they_wait_for_a_manual_start
        PASS [   0.404s] (1875/2083) api-server routes::web::deferred_feature_tests::single_delete_via_confirm_soft_deletes_like_bulk
        PASS [   0.627s] (1876/2083) api-server routes::web::deferred_feature_tests::suppressions_contract_is_unavailable_on_db_failure
        PASS [   0.447s] (1877/2083) api-server routes::web::deferred_feature_tests::suppressions_rows_are_tenant_scoped_and_the_nav_link_resolves
        PASS [   0.410s] (1878/2083) api-server routes::web::deferred_feature_tests::unscheduled_campaign_keeps_the_neutral_hint
        PASS [   2.907s] (1879/2083) api-server routes::web::deferred_feature_tests::recovery_code_logs_in_and_totp_still_works
        PASS [   0.408s] (1880/2083) api-server routes::web::deferred_feature_tests::zero_send_campaign_shows_honest_zeros_with_hints
        PASS [   0.115s] (1881/2083) api-server routes::web::mfa_fallback::fallback_tests::window_reset_and_cap_restart_are_bounded_and_recover
        PASS [   1.036s] (1882/2083) api-server routes::web::outage_matrix_tests::pg_down_detail_and_count_loaders_surface_errors_not_negatives
        PASS [   5.058s] (1883/2083) api-server routes::web::deferred_feature_tests::each_recovery_code_is_single_use
        PASS [   4.593s] (1884/2083) api-server routes::web::deferred_feature_tests::resend_verification_rate_limit_fires
        PASS [   4.610s] (1885/2083) api-server routes::web::deferred_feature_tests::resend_verification_requeues_a_fresh_token
        PASS [   0.485s] (1886/2083) api-server routes::web::outage_matrix_tests::redis_down_degrades_no_web_nav_page
        PASS [  10.123s] (1887/2083) api-server routes::web::data::coverage_loader_tests::cp_loaders_fail_closed_when_the_database_is_unavailable
        PASS [   2.075s] (1888/2083) api-server routes::web::residual_zero_tests::admin_domain_transfer_rotates_dkim_for_a_bare_domain
        PASS [   1.952s] (1889/2083) api-server routes::web::residual_zero_tests::admin_tenant_and_operator_storage_failures_are_honest
        PASS [   5.134s] (1890/2083) api-server routes::web::deferred_feature_tests::wrong_recovery_code_counts_toward_lockout
        PASS [   0.586s] (1891/2083) api-server routes::web::residual_zero_tests::api_key_and_webhook_forms_report_unreadable_and_failed_storage
        PASS [   0.424s] (1892/2083) api-server routes::web::residual_zero_tests::auth_forms_resolve_the_peer_ip_for_the_kiwi_gate
        PASS [  10.129s] (1893/2083) api-server routes::web::data::coverage_loader_tests::web_loaders_fail_closed_when_the_database_is_unavailable
        PASS [   0.491s] (1894/2083) api-server routes::web::residual_zero_tests::campaign_detail_without_a_wired_audience_degrades_honestly
        PASS [   0.551s] (1895/2083) api-server routes::web::residual_zero_tests::campaign_recipients_validates_list_segment_and_tenant
        PASS [   1.758s] (1896/2083) api-server routes::web::residual_zero_tests::campaign_recipients_segment_and_contact_rules
        PASS [   3.560s] (1897/2083) api-server routes::web::residual_zero_tests::audit_export_shapes_default_days_and_outage
        PASS [   3.112s] (1898/2083) api-server routes::web::residual_zero_tests::campaign_lifecycle_races_and_faults_flash_honestly
        PASS [   2.678s] (1899/2083) api-server routes::web::residual_zero_tests::campaign_start_races_and_faults_flash_honestly
        PASS [   2.237s] (1900/2083) api-server routes::web::residual_zero_tests::campaign_update_scheduling_round_trips_and_hostile_dates_fail_honestly
        PASS [   0.225s] (1901/2083) api-server routes::web::residual_zero_tests::consent_get_refuses_a_referer_it_cannot_parse
        PASS [   0.225s] (1902/2083) api-server routes::web::residual_zero_tests::consent_post_neutralizes_open_redirects_and_junk_choices
        PASS [   0.725s] (1903/2083) api-server routes::web::residual_zero_tests::confirm_destructive_covers_every_single_and_bulk_intent
        PASS [   0.414s] (1904/2083) api-server routes::web::residual_zero_tests::contacts_import_refuses_over_cap_and_unreadable_bodies
        PASS [   0.011s] (1905/2083) api-server routes::web::residual_zero_tests::csrf_render_reuses_a_still_valid_cookie
        PASS [   1.886s] (1906/2083) api-server routes::web::residual_zero_tests::confirm_destructive_storage_fault_flashes_retry
        PASS [   8.311s] (1907/2083) api-server routes::web::outage_matrix_tests::pg_down_renders_the_unavailable_state_on_every_cp_nav_page
        PASS [   1.862s] (1908/2083) api-server routes::web::residual_zero_tests::contacts_export_refuses_on_outage
        PASS [   1.535s] (1909/2083) api-server routes::web::residual_zero_tests::contacts_import_storage_fault_commits_nothing
        PASS [   3.449s] (1910/2083) api-server routes::web::residual_zero_tests::change_password_row_guards_and_faults_flash_honestly
        PASS [   0.012s] (1911/2083) api-server routes::web::residual_zero_tests::domain_verify_flash_names_both_summary_shapes
        PASS [   0.225s] (1912/2083) api-server routes::web::residual_zero_tests::every_cp_form_refuses_an_unsigned_post
        PASS [   0.479s] (1913/2083) api-server routes::web::residual_zero_tests::domain_create_refuses_a_forged_tenant_and_exhausted_plans
        PASS [   0.676s] (1914/2083) api-server routes::web::residual_zero_tests::domain_transfer_surface_renders_and_actions_transfer
        PASS [   9.108s] (1915/2083) api-server routes::web::outage_matrix_tests::pg_down_renders_the_unavailable_state_on_every_web_nav_page
        PASS [   1.434s] (1916/2083) api-server routes::web::residual_zero_tests::forgot_password_queue_fault_is_swallowed_without_sending
        PASS [   1.195s] (1917/2083) api-server routes::web::residual_zero_tests::gdpr_transition_race_flashes_reload
        PASS [   1.451s] (1918/2083) api-server routes::web::residual_zero_tests::forgot_password_deactivation_race_issues_no_token
        PASS [   2.136s] (1919/2083) api-server routes::web::residual_zero_tests::domain_verify_surfaces_the_service_error_honestly
        PASS [   5.064s] (1920/2083) api-server routes::web::residual_zero_tests::domain_create_fails_closed_on_duplicates_and_storage_faults
        PASS [   2.053s] (1921/2083) api-server routes::web::residual_zero_tests::malformed_form_bodies_get_the_prg_treatment_not_a_plain_400
        PASS [   2.046s] (1922/2083) api-server routes::web::residual_zero_tests::mfa_brute_force_bound_survives_a_redis_outage
        PASS [   0.013s] (1923/2083) api-server routes::web::residual_zero_tests::multipart_part_without_a_name_attribute_is_skipped
        PASS [   0.012s] (1924/2083) api-server routes::web::residual_zero_tests::parse_recipients_job_edges_default_honestly
        PASS [   2.935s] (1925/2083) api-server routes::web::residual_zero_tests::gdpr_transition_storage_fault_flashes_retry
        PASS [   0.013s] (1926/2083) api-server routes::web::residual_zero_tests::recipients_job_parser_refuses_corrupt_audience_rows
        PASS [   0.011s] (1927/2083) api-server routes::web::residual_zero_tests::record_verification_state_covers_every_host_shape
        PASS [   1.968s] (1928/2083) api-server routes::web::residual_zero_tests::mfa_setup_and_confirm_refusals_and_wrong_code
        PASS [   1.804s] (1929/2083) api-server routes::web::residual_zero_tests::mfa_verify_mints_the_cp_cookie_for_system_operators
        PASS [   2.259s] (1930/2083) api-server routes::web::residual_zero_tests::reset_password_captcha_gate_refuses_before_touching_credentials
        PASS [   6.232s] (1931/2083) api-server routes::web::residual_zero_tests::domain_verify_and_detail_refuse_unknown_and_malformed_ids
        PASS [   2.137s] (1932/2083) api-server routes::web::residual_zero_tests::reset_password_consumed_token_race_flashes_expired
        PASS [   0.549s] (1933/2083) api-server routes::web::residual_zero_tests::resource_create_field_guards_and_schedule_arm
        PASS [   1.632s] (1934/2083) api-server routes::web::residual_zero_tests::reset_password_refuses_inactive_accounts_and_expired_tokens
        PASS [   3.660s] (1935/2083) api-server routes::web::residual_zero_tests::mfa_verify_flashes_honestly_when_session_signing_fails
        PASS [   4.708s] (1936/2083) api-server routes::web::residual_zero_tests::production_environments_secure_the_mfa_and_impersonation_cookie_lifecycle
        PASS [   1.228s] (1937/2083) api-server routes::web::residual_zero_tests::schema_probe_names_missing_required_columns
        PASS [   2.449s] (1938/2083) api-server routes::web::residual_zero_tests::reset_password_without_token_and_email_bounces_to_forgot_password
        PASS [   1.882s] (1939/2083) api-server routes::web::residual_zero_tests::sales_discovery_run_reports_each_source_honestly
        PASS [   1.530s] (1940/2083) api-server routes::web::residual_zero_tests::sales_outreach_launch_reports_the_engine_verdict
        PASS [   0.013s] (1941/2083) api-server routes::web::residual_zero_tests::ssr_fallback_404s_unknown_paths_and_production_securely_clears_flashes
        PASS [   2.753s] (1942/2083) api-server routes::web::residual_zero_tests::reset_password_storage_fault_flashes_retry
        PASS [   1.691s] (1943/2083) api-server routes::web::residual_zero_tests::session_revocation_reaches_a_live_redis
        PASS [   0.666s] (1944/2083) api-server routes::web::residual_zero_tests::team_invite_rank_gate_fires_on_the_raw_role_value
        PASS [   0.222s] (1945/2083) api-server routes::web::residual_zero_tests::team_invite_refuses_an_api_key_session_without_a_user_identity
        PASS [   2.723s] (1946/2083) api-server routes::web::residual_zero_tests::signup_racing_a_duplicate_registration_flashes_already_registered
        PASS [  11.396s] (1947/2083) api-server routes::web::residual_zero_tests::mfa_confirm_refuses_a_second_enrollment_and_storage_faults
        PASS [   4.582s] (1948/2083) api-server routes::web::residual_zero_tests::signup_accepts_the_whole_documented_128_character_password_range
        PASS [   5.131s] (1949/2083) api-server routes::web::residual_zero_tests::signup_storage_faults_flash_unavailable_and_write_nothing
        PASS [   4.971s] (1950/2083) api-server routes::web::residual_zero_tests::team_invite_entitlement_and_storage_failures_are_honest
        PASS [   0.771s] (1951/2083) api-server routes::web::residual_zero_tests::template_update_validates_gates_fields_and_versions
        PASS [   3.004s] (1952/2083) api-server routes::web::residual_zero_tests::team_invite_severed_connection_fails_closed_and_writes_nothing
        PASS [   0.013s] (1953/2083) api-server routes::web::tests::bulk_confirm_redirect_signs_the_id_list
        PASS [   0.012s] (1954/2083) api-server routes::web::tests::bulk_ids_parse_dedupe_and_cap
        PASS [   0.012s] (1955/2083) api-server routes::web::tests::campaign_actions_availability_follows_status
        PASS [   0.012s] (1956/2083) api-server routes::web::tests::campaign_lifecycle_rules_match_the_live_status_check
        PASS [   0.013s] (1957/2083) api-server routes::web::tests::check_csrf_binds_the_form_token_to_the_double_submit_cookie
        PASS [   0.013s] (1958/2083) api-server routes::web::tests::consent_choices_normalize_to_distinct_cookie_values
        PASS [   0.012s] (1959/2083) api-server routes::web::tests::consent_cookie_carries_domain_expiry_and_distinct_values
        PASS [   0.012s] (1960/2083) api-server routes::web::tests::consent_cookie_header_detection
        PASS [   0.012s] (1961/2083) api-server routes::web::tests::consent_respond_sets_cookie_and_redirects_for_known_choices
        PASS [   0.013s] (1962/2083) api-server routes::web::tests::consent_respond_unknown_choice_writes_no_cookie
        PASS [   0.013s] (1963/2083) api-server routes::web::tests::consent_return_to_allows_only_apexmail_family_https
        PASS [   0.013s] (1964/2083) api-server routes::web::tests::consent_return_to_rejects_backslash_and_control_characters
        PASS [   0.449s] (1965/2083) api-server routes::web::residual_zero_tests::webhook_inbound_events_require_the_inbound_email_entitlement
        PASS [   0.013s] (1966/2083) api-server routes::web::tests::contact_csv_parses_headers_quoted_fields_and_case_insensitive_columns
        PASS [   0.012s] (1967/2083) api-server routes::web::tests::contact_csv_reports_invalid_rows_with_line_numbers
        PASS [   0.011s] (1968/2083) api-server routes::web::tests::contact_import_summary_names_counts_and_first_three_examples
        PASS [   0.223s] (1969/2083) api-server routes::web::tests::cross_site_consent_get_does_not_set_the_cookie
        PASS [   0.011s] (1970/2083) api-server routes::web::tests::csv_escaping_is_excel_safe
        PASS [   0.011s] (1971/2083) api-server routes::web::tests::csv_escaping_neutralizes_formula_triggers
        PASS [   0.010s] (1972/2083) api-server routes::web::tests::days_filter_parses_and_bounds
        PASS [  30.016s] (1973/2083) api-server routes::web::data::coverage_residual_tests::required_loader_failure_is_unavailable_with_flag
        PASS [   0.736s] (1974/2083) api-server routes::web::tests::db_backed::ai_drafts_label_shows_the_workspace_name_never_the_raw_id
        PASS [   2.329s] (1975/2083) api-server routes::web::residual_zero_tests::tenant_suspend_resume_and_alerts_report_faults_and_missing_rows
        PASS [   1.494s] (1976/2083) api-server routes::web::tests::db_backed::ai_draft_review_queue_approve_and_reject_flow_through_the_page
        PASS [   4.879s] (1977/2083) api-server routes::web::residual_zero_tests::template_and_placement_insert_faults_flash_retry
        PASS [   2.155s] (1978/2083) api-server routes::web::tests::console_api_key_form_shares_the_json_policy
        PASS [   0.439s] (1979/2083) api-server routes::web::tests::db_backed::ai_drafts_loader_flags_first_responses_and_orders_them_first
        PASS [   0.469s] (1980/2083) api-server routes::web::tests::db_backed::alerts_ack_bulk_flips_rows_with_honest_counts
        PASS [   0.601s] (1981/2083) api-server routes::web::tests::db_backed::assistant_message_posts_a_session_turn_and_redirects
        PASS [   0.544s] (1982/2083) api-server routes::web::tests::db_backed::assistant_message_refuses_a_disabled_capability
        PASS [   0.535s] (1983/2083) api-server routes::web::tests::db_backed::assistant_message_refuses_a_role_without_ai_read
        PASS [   0.500s] (1984/2083) api-server routes::web::tests::db_backed::assistant_message_rejects_a_missing_csrf_token
        PASS [   8.287s] (1985/2083) api-server routes::web::residual_zero_tests::static_fallback_clears_the_field_map_and_sets_the_csrf_cookie
        PASS [   0.596s] (1986/2083) api-server routes::web::tests::db_backed::bulk_delete_flows_through_the_signed_confirm_page
        PASS [   0.558s] (1987/2083) api-server routes::web::tests::db_backed::campaign_start_requires_recipients_then_transitions
        PASS [   0.018s] (1988/2083) api-server routes::web::tests::db_backed::fixtures_match_the_canonical_schema_contract
        PASS [   0.635s] (1989/2083) api-server routes::web::tests::db_backed::contacts_import_batches_without_losing_rows
        PASS [   0.581s] (1990/2083) api-server routes::web::tests::db_backed::contacts_import_flashes_the_honest_summary
        PASS [   0.513s] (1991/2083) api-server routes::web::tests::db_backed::demo_advance_on_a_completed_session_flashes_a_notice_not_a_success
        PASS [   0.600s] (1992/2083) api-server routes::web::tests::db_backed::events_loader_passes_page_and_total_through_the_data_path
        PASS [   0.569s] (1993/2083) api-server routes::web::tests::db_backed::gdpr_transition_validates_the_triad_and_audits
        PASS [   0.545s] (1994/2083) api-server routes::web::tests::db_backed::mfa_verify_locks_out_after_repeated_wrong_codes
        PASS [   0.014s] (1995/2083) api-server routes::web::tests::db_backed::wave_d_auth_gate_tests::contact_csv_parser_covers_header_and_quote_edges
        PASS [   0.645s] (1996/2083) api-server routes::web::tests::db_backed::team_invite_enforces_an_open_invitation_cap
        PASS [   0.652s] (1997/2083) api-server routes::web::tests::db_backed::team_invite_gates_on_the_caller_role
        PASS [   0.533s] (1998/2083) api-server routes::web::tests::db_backed::template_update_bumps_the_version_snapshot
        PASS [   0.502s] (1999/2083) api-server routes::web::tests::db_backed::tenant_lifecycle_suspends_resumes_and_deletes_with_typing
        PASS [   6.582s] (2000/2083) api-server routes::web::residual_zero_tests::template_update_race_and_fault_flash_honestly
        PASS [   2.163s] (2001/2083) api-server routes::web::tests::db_backed::wave_d_auth_gate_tests::login_fails_closed_when_the_signing_key_is_broken
        PASS [   3.603s] (2002/2083) api-server routes::web::tests::db_backed::domain_detail_reuses_the_dns_record_generation
        PASS [   6.850s] (2003/2083) api-server routes::web::residual_zero_tests::webhook_and_api_key_storage_faults_flash_retry_and_write_nothing
        PASS [   4.035s] (2004/2083) api-server routes::web::tests::db_backed::wave_d_auth_gate_tests::mfa_verify_refuses_unverified_counts_wrong_codes_and_locks
        PASS [   0.528s] (2005/2083) api-server routes::web::tests::db_backed::webhook_create_binds_the_checkbox_group
        PASS [   4.976s] (2006/2083) api-server routes::web::tests::db_backed::wave_d_auth_gate_tests::cp_login_gate_matrix_refuses_customers_and_non_operators
        PASS [   0.557s] (2007/2083) api-server routes::web::tests::db_backed::webhook_create_enforces_the_per_tenant_cap_from_the_form_path
        PASS [   0.014s] (2008/2083) api-server routes::web::tests::flash_round_trip_through_cookie_header
        PASS [   0.017s] (2009/2083) api-server routes::web::tests::form_field_map_rejects_tampering_wrong_secret_and_oversize
        PASS [   0.017s] (2010/2083) api-server routes::web::tests::form_field_map_round_trips_into_the_rendered_form
        PASS [   0.015s] (2011/2083) api-server routes::web::tests::form_field_map_round_trips_values_errors_and_secrets
        PASS [   0.021s] (2012/2083) api-server routes::web::tests::form_return_to_rejects_backslash_and_control_characters
        PASS [   0.014s] (2013/2083) api-server routes::web::tests::gdpr_transitions_follow_the_compliance_triad
        PASS [   0.014s] (2014/2083) api-server routes::web::tests::login_challenge_binds_user_and_expires
        PASS [   0.013s] (2015/2083) api-server routes::web::tests::mfa_fallback_counter_keeps_the_bruteforce_bound_without_redis
        PASS [   0.014s] (2016/2083) api-server routes::web::tests::mfa_setup_cookie_roundtrips_and_binds_the_user
        PASS [   0.014s] (2017/2083) api-server routes::web::tests::multipart_parser_extracts_fields_and_the_file_part
        PASS [   0.016s] (2018/2083) api-server routes::web::tests::operator_role_check_is_privilege_aware
        PASS [   0.015s] (2019/2083) api-server routes::web::tests::password_policy_is_enforced
        PASS [   0.015s] (2020/2083) api-server routes::web::tests::redirect_with_field_map_sets_both_cookies_and_prg_shape
        PASS [   0.014s] (2021/2083) api-server routes::web::tests::redirects_are_prg_shaped
        PASS [   0.014s] (2022/2083) api-server routes::web::tests::return_to_rejects_open_redirects
        PASS [   0.015s] (2023/2083) api-server routes::web::tests::sales_engine_base_url_distinguishes_unconfigured
        PASS [   0.014s] (2024/2083) api-server routes::web::tests::transfer_confirmation_requires_the_exact_typed_string
        PASS [   0.014s] (2025/2083) api-server routes::web::tests::urlencoded_parser_keeps_repeated_keys_and_decodes_escapes
        PASS [   0.014s] (2026/2083) api-server routes::web::tests::urlencoding_covers_query_values
        PASS [   0.604s] (2027/2083) api-server routes::web::tests::db_backed::webhook_create_rejects_ssrf_targets_from_the_form_path
        PASS [   0.014s] (2028/2083) api-server routes::web::tests::webhook_event_selection_validates_against_the_known_set
        PASS [   0.015s] (2029/2083) api-server routes::web::tracking_domain_panel_tests::configured_row_renders_record_status_and_named_reason
        PASS [   0.015s] (2030/2083) api-server routes::web::tracking_domain_panel_tests::empty_state_renders_the_configure_form
        PASS [   0.015s] (2031/2083) api-server routes::web::tracking_domain_panel_tests::stored_values_are_escaped
        PASS [   0.015s] (2032/2083) api-server routes::web::tracking_domain_panel_tests::unentitled_plan_renders_no_setup_form
        PASS [   0.015s] (2033/2083) api-server routes::web::tracking_domain_panel_tests::unverified_parent_renders_the_prerequisite_not_a_form
        PASS [   0.015s] (2034/2083) api-server routes::web::tracking_domain_panel_tests::verified_row_is_honest_about_serving
        PASS [   0.522s] (2035/2083) api-server routes::webhooks::adversarial_tests::created_webhook_secret_is_stored_enveloped_and_round_trips
        PASS [   0.739s] (2036/2083) api-server routes::webhooks::adversarial_tests::crud_flow_returns_secret_once_and_stays_tenant_scoped
        PASS [   0.016s] (2037/2083) api-server routes::webhooks::adversarial_tests::pinned_addr_selection_rejects_mixed_public_private_sets
        PASS [   0.518s] (2038/2083) api-server routes::webhooks::adversarial_tests::free_plan_webhook_create_is_403_not_500
        PASS [   0.017s] (2039/2083) api-server routes::webhooks::adversarial_tests::signing_secret_fails_closed_on_a_relocated_envelope
        PASS [   0.528s] (2040/2083) api-server routes::webhooks::adversarial_tests::rotated_webhook_secret_is_stored_enveloped
        PASS [   0.016s] (2041/2083) api-server routes::webhooks::adversarial_tests::url_validation_rejects_every_non_https_and_private_shape
        PASS [   0.013s] (2042/2083) api-server routes::webhooks::adversarial_tests::webhook_secret_is_never_serialized_when_absent
        PASS [   0.519s] (2043/2083) api-server routes::webhooks::adversarial_tests::signing_secret_migrates_a_legacy_plaintext_row
        PASS [   0.017s] (2044/2083) api-server routes::webhooks::tests::known_webhook_events_match_the_documented_and_emitted_set
        PASS [   0.016s] (2045/2083) api-server routes::webhooks::tests::test_create_webhook_request_deser
        PASS [   0.016s] (2046/2083) api-server routes::webhooks::tests::test_select_pinned_addr_loopback_only_under_override
        PASS [   0.015s] (2047/2083) api-server routes::webhooks::tests::test_select_pinned_addr_rejects_any_private_address_in_resolution_set
        PASS [   0.014s] (2048/2083) api-server routes::webhooks::tests::test_test_webhook_response_success
        PASS [   0.014s] (2049/2083) api-server routes::webhooks::tests::test_validate_webhook_url_allows_explicit_localhost_http
        PASS [   0.014s] (2050/2083) api-server routes::webhooks::tests::test_validate_webhook_url_blocks_ipv6_link_local_targets
        PASS [   4.602s] (2051/2083) api-server routes::web::tests::db_backed::web_signup_hashes_token_and_gates_login_on_email_verification
        PASS [   0.016s] (2052/2083) api-server routes::webhooks::tests::test_validate_webhook_url_blocks_private_and_metadata_targets
        PASS [   0.015s] (2053/2083) api-server routes::webhooks::tests::test_validate_webhook_url_rejects_urls_over_column_limit
        PASS [   0.014s] (2054/2083) api-server routes::webhooks::tests::test_webhook_response_serialisation
        PASS [   0.013s] (2055/2083) api-server routes::webhooks::tests::webhook_events_accept_every_emitted_and_documented_name
        PASS [   0.014s] (2056/2083) api-server routes::webhooks::tests::webhook_events_must_be_non_empty
        PASS [   0.016s] (2057/2083) api-server routes::webhooks::tests::webhook_events_reject_unknown_names_with_a_helpful_message
        PASS [   0.017s] (2058/2083) api-server routes::webhooks::tests::webhook_test_delivery_does_not_follow_redirects
        PASS [   5.765s] (2059/2083) api-server routes::web::tests::db_backed::wave_d_auth_gate_tests::public_auth_forms_enforce_csrf_and_kiwi_gates
        PASS [   0.537s] (2060/2083) api-server routes::webhooks::probe_tests::test_probe_refuses_to_reach_unreachable_loopback_and_reports_cleanly
        PASS [   0.560s] (2061/2083) api-server ses_provider::adversarial_tests::ineligible_plan_and_exhausted_inventory_refuse_before_any_aws_call
        PASS [   0.663s] (2062/2083) api-server ses_provider::adversarial_tests::plan_gating_and_active_ip_counting_are_db_driven
        PASS [   0.611s] (2063/2083) api-server ses_provider::adversarial_tests::unknown_ip_ids_are_honest_not_found_and_sync_is_a_noop
        PASS [   5.988s] (2064/2083) api-server routes::web::tests::db_backed::wave_d_auth_gate_tests::sso_enforced_tenant_refuses_password_login_on_the_console_form
        PASS [   8.659s] (2065/2083) api-server routes::web::tests::db_backed::wave_d_auth_gate_tests::profile_update_for_a_missing_user_fails_closed
        PASS [   2.429s] (2066/2083) api-server ses_provider::mock_ses_tests::get_ip_status_is_honest_about_failures_and_empty_bodies
        PASS [   1.952s] (2067/2083) api-server ses_provider::mock_ses_tests::release_ip_retires_locally_even_when_ses_move_fails
        PASS [   3.557s] (2068/2083) api-server ses_provider::mock_ses_tests::allocate_ip_charges_addons_and_reuses_an_existing_pool
        PASS [   3.090s] (2069/2083) api-server ses_provider::mock_ses_tests::allocate_ip_maps_ses_wire_failures_honestly
        PASS [   0.015s] (2070/2083) api-server state::tests::test_app_state_is_send_sync
        PASS [   3.086s] (2071/2083) api-server ses_provider::mock_ses_tests::allocate_ip_provisions_end_to_end_over_the_ses_wire
        PASS [  10.852s] (2072/2083) api-server routes::web::tests::db_backed::wave_d_auth_gate_tests::production_marks_every_auth_cookie_secure
        PASS [   3.293s] (2073/2083) api-server ses_provider::mock_ses_tests::allocate_ip_enforces_hard_caps_before_any_aws_call
        PASS [   0.041s] (2074/2083) api-server::bin/api-server tests::init_tracing_falls_back_to_json_logs_without_otlp
        PASS [   0.072s] (2075/2083) api-server::bin/api-server tests::shutdown_signal_fires_on_sigterm
        PASS [   0.014s] (2076/2083) api-server::bin/api-server tests::system_sender_bootstrap_is_opt_in_and_validates_its_value
        PASS [   3.450s] (2077/2083) api-server ses_provider::mock_ses_tests::sync_warmup_progress_graduates_keeps_and_skips_per_ip
        PASS [   3.826s] (2078/2083) api-server ses_provider::mock_ses_tests::start_warmup_persists_and_reports_provider_state
        PASS [   3.531s] (2079/2083) api-server ses_provider::sync_tests::sync_warmup_progress_is_a_noop_without_warming_rows
        PASS [  12.114s] (2080/2083) api-server routes::web::tests::db_backed::web_id_binds_match_rows_on_the_canonical_schema
        PASS [   6.326s] (2081/2083) api-server::bin_server_lifecycle api_server_refuses_an_incomplete_configuration
        PASS [   6.362s] (2082/2083) api-server::bin_server_lifecycle api_server_refuses_a_taken_port
        PASS [   6.903s] (2083/2083) api-server::bin_server_lifecycle api_server_serves_health_and_metrics_and_sigterm_exits_cleanly
────────────
     Summary [ 273.931s] 2083 tests run: 2083 passed, 0 skipped
SUITES_API2_EXIT=0
